/*
Navicat MySQL Data Transfer
123
Source Server Version : 80018
Source Host           : localhost:3306
Source Database       : nexus

Target Server Type    : MYSQL
Target Server Version : 80018
File Encoding         : 65001

Date: 2020-10-23 10:38:21
*/


SET FOREIGN_KEY_CHECKS=0;

-- ----------------------------
-- Table structure for hobby
-- ----------------------------
DROP TABLE IF EXISTS `hobby`;
CREATE TABLE `hobby` (
  `hobby_id` int(11) NOT NULL AUTO_INCREMENT,
  `hobby_name` varchar(128) DEFAULT NULL,
  `hobby_desc` varchar(2000) DEFAULT NULL,
  `create_time` datetime DEFAULT NULL,
  `photo` longblob,
  PRIMARY KEY (`hobby_id`)
) ENGINE=InnoDB DEFAULT CHARSET=utf8;

-- ----------------------------
-- Records of hobby
-- ----------------------------
INSERT INTO `hobby` VALUES ('1', 'Read', 'Reading is an activity that uses language to acquire information, understand the world, develop thinking, and gain aesthetic experience and knowledge.', '2020-10-01 00:00:00', 0xFFD8FFE000104A46494600010100000100010000FFDB00840009060713131215131213161515171715171617181716151715151616171815181717181D2820181A251D171521312125292B2E2E2E171F3338332D37282D2E2B010A0A0A0E0D0E1710101A2D1D1D1D2B2D2D2B2B2D2D2D2D2D2D2D2D2D2D2D2D2D2D2D2D2D2D2D2D2D2D2D2D2D2D2D2D2D2D2D2D2D2D2D2D2D372D2B2B2D2D2D2DFFC000110800CA00F903012200021101031101FFC4001C0000010403010000000000000000000000000304050601020708FFC40041100001030203050407070205040300000001000211030405213106124151611371819107223252A1B1C11423426272D1F033821524B2E1F1436392C2175373FFC4001801000301010000000000000000000000000001020304FFC4001F1101010101000203010101000000000000000102111221033141512232FFDA000C03010002110311003F00E1D2B32B084066512B084066512B084066512B084012A56D8E8A33929AB76E614E95169C129FAA0F15B62356260A530F2453C9426335D73CFF00A6DF8ADE215C971CFE29A25AA364A5AD70E7BDC1AD049260003F75D1F51859DA30BC36ADC5414A8B0BDE780E1D49D00EA5773D88D921654E09DFAAECDCEE0DE8D1CBAF14E761F66A9D9D10081BEECDDC4CF7AB586F2CBBD67BBD699CF0DE95AC6BA71E3294AAEE4D27CBEA52872E329ADC5660F68A8E7A590ACE67E27477104AD1B4ADDC63B574F22EDDF84094D2B623406B4C9EA729F1D531AD716EF9F55ED9E44C7928EABDAC2FA0D190701C87F0E6A3EF43803903E6A01F6C47F4AB18F75DA7870497DA6E19C4F8E63CD2B7A721D5D17F16363A7FCA89B96CFE1F8FD0FEE9E1BF711EB01299D5AB332DF152A57B12B733FC0545329969CCE4723D7BC71EE2ACF5E9EF7111FCE2A26E2801A8F15A4ACEE4C6FB64BB4617DB7B433DC9C9C35CA7D93D3454D7B48241041191072208D5759C0A93C66C748C8C6A238C8D7C428AF483800737ED54D9BAEFFAA0672418DEFE6B1CE5698F93DF2A378FD8A660F893A9BB5C95E1C5B5E965C973456CD8FC423D427CD57C99FD89C6BF1098B5A963930ED0F32AD5B5F473DE0322AA90AB37B0B5395AA10856808421002108406CC28DD5809CD112404ADE0276CC970535647D64C9B4C3414E2D2A66146AF5A49C5D2C992C55EC628EAA7B07BB1002DB15C2F79B3CFC5632F2B5FC51EDA902E1FB2E9DB0781807B770C864D1A67C4AA26158439F74CA60C49CF510D19B8F92ED148329B1A04068100744F7A4E7295A5583733AA59B71C4FF00C2AE3B1093EA894AB5CF3ED64390D7C1479AFC52E6EF78C374E7FB249F4C1CC0DE3CFF006E03BD2341902341CBF74AD466F082601CB2E0389EF309F7A39C4753B0ED5D24E5C22738D4C9D7BD6B776AC664323C40D63A9535000000898C8701CBA0FD826752E377D96889D7893C4FFBA9B0FA8A6DB3FDD81D56CFA240E9E1F54E5F59E526F613CD4AA54755A23BBCBF64DEA511C67E014954611A0FF751CFA249D27CD2337FB3839023CA5697F866F300199D465C94CDAD9E598E3096A4043891ECCFCA420AC42E1F43B273B2C9A403E2067DDAA9BAD68CAB4C839B5C083E505A7E87A05BDA5B00EDE9C9CC03B889F3D426B4AEB7090786BD4734E52E3886D0E166DABBE91E07D53CDA7369F24DB0FABBAF0661743F49B8687B5958448CA79B4F0F35CD2176635E59736A78E966C69D34E013E3C9567C93DAF785CD1DD0994A7270ADEB54210A921084200421080716D4E734F685127D9D4663BC242868A570A6E6279A8D55E6337969F77BC38891E1A8EF508CB820CAB4632DECD8E6CFAAF9734F27FE26F71D478AA794B3ECF5E92B678B96156EC2768DAE66EB8E83C745CED2B4AA908D7C728CEF8E9BB38F97BAAC46F64DFD20C9F331E4AD2C3BDED1EE0AA7B220FD99AF766E79711D1A0EEB72E1A2B55A53701201279AE5DCF6DF097A14A24E8B71D3CF9A66C7BF8E5DC9C309D334A2A966D58C8669C31DCD346E452DA025526C38AF53E3F2FE421904475CD31A95339E9FBAC53AE6023A3890348246AB80090AB759744D9D50C4A3A242AF783293A7109073CF8A6B52E23CD4AE25DD5001DCD9F1330A3D8FDD6381E20CF7A6B56F080ECF840F012A3EF6F64386997D11C23E38965D0286BCC47D6327841EB1AFD0A8BAB7C774C7BB3E4A24DECB8FC3AFF02B9945D24EEF1215283E8B8F025BC608D08F185CFEE35F9F7A90C4AF487FABA49F88CD45AE8F8F3C8C377B58958592B0B448421082084210021084038A0E85356660285B56C90AD1875992D98959EDA648E238931D4CD27EB12D3D782AAA94C72DF71FDEA2D3C4F45AFB084215A5E86D8DC2DA2D2DE5A2453619EA5A0AB136D8050DB337536B408D0D2A7FE80A5FB75C97EEBA08D6B31329334A38259D72B1DB8290ED376D1E6B6B8D12A5C9A5CBD2AA340E4DDEE4B244852B28C72CB8F0484C24DD5100A54AB1DCA12FAB9CE3A14E2FAE7289850B715FE211136F05EE23998E5A78669A5C5E4B77B8409F04CAFDE0C46AA32AD78113915ACCA2D6956F60F498F0221445DDC10E041D12D75500518E74ADB3963AACBDF264AD5085A2021084CC210848821084008421012186364F885D1301B41B930B9DE13ED2E8D6353728CF45CFF2FDB7F8D4BDB33F7A072955D56975AB6E2E09AAEDD60E5A9CFAE896DA5C3ED5AD6B68087C64D19B9DD4F21DEB4CDFA88D4FD54139B6AE1AC7B4892E100F220CA48D174C4159EC88FD9688E3BA6C657FF236DFFE6D1E523E8A77B755DD9A7065AD06F2A6DF949F892A69A5716AFBAEA93D42C5E56A1EB54392329DAA42A396095AB907235293704A42D4A933770485409D39A91784C20AFA78A81B9ADC15AAFA8EF34854FBDA7BA482AF2CF4695CE4A1EAD68CBAA7D735B551376E13995BE632D537BA7C94825AE6328E59A456B198421080108426021084882108400842100E6C6AEEB95B2AE283B2DD9E1F054B053CA37719C491CF451ACF579D70E6BD47372120BB300EA073294B26EEE64C93A9E6B5B7A724B9C65C73253DA34DB3981D25DBA27849E5D38A46734C31CC7F3DD39F231D130BB81EC71D5D19E7EEF2F9A91FB2B6946FBDFBC067BBBBBAD24663D692489CF21CB82D69DB5032DED487702E6883DE41C94A96DD8CC57FCA00F195376E03D23784CF298F056265CB4E6C703D241F92AF6CC60C3ECEE6566824BCB8687D5206EB8470241F22A0B18D93A82BF696FEACC641DB9047D3A2C6C96DEDE34EDE3A550AB2128F2A2F090E9823809EA789E8A46E7250B00AC1705117F8A32900E79804C72096C3B10A5546F31E1D1AC38388EF03308F63A915ACA18F69D0CF4592D41B47148BD28F48BC240DEA8556C72D65D2ACF59CA0B117EFBB7298DE77C1BD5C7E9AABCA74A5E254604CC282AB2735D62CB65284075CFDE3BAE9E4341D14B57BAA6C02932934348803746EC750B59F2C8CAE3AE1A56148ED0516B2E2AB18006871000D07303B8CA8E5BC6216405965327404F709584C3084213010842441084200421080165AB0B2D41C495BD552D4181C083A10A0E81D14C593965570FF001FCE2A8D1C0170E4EC813FF9070FEE6F351F4A8B49D64111DCE8C878A906DC347AAFF60EB94C488D0664181319E408CC04C715C29F4BD7A677A998208CC169EA323DFC7BF252B744C230D73ED28BA99ECEB358087703CDAF1C5A742A470D7B6BB64C36A365B529923798F698703C489191E220ADB645C7EC9409D4D369F8286BDB57FF0088D7AF498D3BB4A9874C4F6A46447321A04F7859D917D5D30DB41C06890C6AAD3A71BEE009F64665CEE7BAD199F04F3ECD50539A75453711992C6BDB3FA72559C371505D153FAEF04D47C4025A60B18750D6F06F79CF32A793872FB47DFD165610E6552CE7D9556969E0E6CB654158ECA6E5C36A32A82D993ED0781CA2339E792E8C296F091E63249D7B7911506F0E7C47738663CD13D7A3AAED4B5AC1DEA1047E6127CF552741EFD1C8AEE7D03BCF3BF409037E3D7A24E43B4E0EA73F8C663888CD3D7B12A71AF04DAE08CFA6BD02DEF2E1B4DB2E3034E6493A003524F20A31F45D533AB9366453E1DF50FE23D341D755268FB9ACEA9FD325AC9F6F8BC7E40741F98F87349769D834398C104C789E24F152370D929B5C61EEAB0D73B758DCC019171E64FD15278C5B57739E0932EEFCA3B937DAAC4C506BAAE5BC06E531FF0070E64F704E293A9DBB1CF790D0D9973A498E4399E8B9A6D1E2E6E6AEF68C6E4C6F21C49EA755A7C78F2BD67BD7222EA38924932499278927559A4C9200E26168B7A2F820F25D2C1D12C685BD95AF68F01CF770E2E77009B5AECA8AB4CD5B83BB51E77A065BA38080A070EBDED2A0AB5CCB59EC33803CE14A5EED6EF18072F158D967D359C4762BB2CFA60BA9B83C0E1A3BFDD417667DDF82B37F8EC82094CBED8D5535A9F69B22010AC147636F1D762CFB122B901D048DD6B0FE3738480C1C4F86ABB2E0FE8DAD285014EA53657A8737D47B7324F0603ECB470E2AEEB8892BCF485D73693D13032FB47EE6BF76F92D27A3B56F8CAE638B6135ADDFD9D7A6E63B84E8EEAD3A387509CB28B38628421320808590832F454DE1AC950941B2ACB81D1CFC967BF4BCB5BFB73BA98E117970D78A7441A85EE814B74BC39C7DD68CC1EE5D1B0DD9D75E3852A6049D5C41DD6379B8FD1751D91D86B4C3C4D266F553ED5574179E8DF71BD029C5E9EAF14CC32C6EA9D1A6CB8A62DDE5B21ADDD710D9CB9807A6709FDB59B1A0B44C66759249CCB89D49278AB76D65A17536BC0CD873FD2ED7C8C2A5DD5D06679F809596FD5699BD871DB188CD410C3698AE6A3866E76F366603F8839C70047795236B7AC7FB2E07B8FCC70F14AB803AE60EAB3ED5C871654C899109FBA9A6942A16FE61C07E21E27DAF1CD39372CE2EDDFD5EAFCD5C4D255A90208E608D272220E5C556B0FC3DCD0435E581AF730C17BB7B774203DC43047253F717A0E54FEF1DC009DD1FA9F1007C7A269468EE883999249E6E7125C7A66744A9C30AB6DEB071713008021BA9D5C4C493C3581C926E4F6A04DAAB542D5ADACC43B1A2E70F68C01DE5463BD2053DC1145FDA469BCD0C9EFD63C123B59734AA3F71C4914F80200DE3CCFF003551763B386EA897D068639AE70824C5410200D73D73D335D18CE79FE986F57BE9118CE3156E5FBD50E5F85A326B7B87D4A8D4A55A45A4B5C08209041C882350539C330AAD70F0CA14DD51C7DD190EF3A0F15D124918D38C1AD69BC3B7CE7C04C78F7264FB792773D60388F9F72EA9B33E89A21F7B527FED53240FEE7F1EE1E6ACFB41846174696ED5653A5020766431CE03818D7E6B3BA91733D79F41589571DB8BAB5AB4E99B6A2296E38B200025B1949E27BD5395CBD9D459C66567796A840775D9ADB31598D71218E23777E012220EE3B989E0AEB678A07435FEAB8896CFB2F1CD8EFA1CD79AF00C4FB27C3BD8740774E4EF0F92E918563B5297AAEFBCA660EE9323A169E1DEB0D66E6B6CD963AEB9B2A2B1AC1295C30B2B536BDBC88983CC719EA0829AE05B434EA88DECF84E4474EA3AFF00CAB0360E689458E13B5DE8C6AD19A969355999ECC905E3F49FC63A6BDEB9F6E4121D2089CB8CF23C97AC6B50D47C35954EDADD85B7BB9739BB9578546C6F773A72A83F541EAAE6EFEA2E5E7C392C0566DA5D8BBAB52496F694C7E3602401F9DA7D661EFCBAAACC2D25EA2CE1E59813FC0BB0EC2EC0D7AF4DB59FBB4A93B3697025CE1CC372CB9125736D80C3DB717D6F45E25AE7CB8736B417107BE23C57AD2DDC0B5B0204643901C14D9D3EF223F02C129DAD2ECE9E649973A3371EBC8745281AB2164E89C90BBD34BC78C81CE751CC2A2635866E9747B3240E6DE4AE37C60A89B900920E61C165B9D6B8F4E65798035CEDF12C78D1ED25A4F88E0B5A96D76C0372BCC71201F3568AD420C244D01C82E7F71B4F688C3EFAEC18A8293FAB439A63AE647C15A6DAB4B6546B59D13AA2613E8B0E9EE4D5E12AE78489A8386698849ED55ADA7C65B49A5AC33508C80CE3A91F456D6DA176B90F8A796B8553668C13ACC67E252905AE2B866C75C5D3B79CD731A4C9241DE773C8E9DE5751C0F667B1A6D63440032FDFA95656B23878E83CD40E37B5F6D6C0EF54DE77B8CCC93D4AD2FB673D1ADFFA3FB3AD5856AAC2E7FE20D76EB5F1A1701993E529D5EE376560C14FD464694E9803E0173BC77D20DCD696D3FB967E5F68F79550AB549324924EA4E64F8AB92A7B17ADA0F4935AA4B2DC764DF7B577EC1522E2E9F50975471793C499291400ABC4BAC6207EE47EBFFD544A93BF3F763F57D1462BCFD23410842A20ACFB358AC8142A18FF00EB71E07DC3D09D15616425ACCB3872F1D2DAF734F22159305DACA94BD57CB9BF2544D9FC63B66F66FF00EA34647DF68E3FA87C54C4AE5D66E6B697AEB7866D052AADD47EDFB7C9499008CB3FE7C5714B5BA730C8241E6AD382ED56EE4FF50F3D587A9132D3D4226BFA2C5DABD903FC823B9DC3B8C85CFF006A7D1E5BD72E2C69A5535DE63409FD5487AAEEF641E8AF5698DD3701BE4367424CB09FCAFD3C1D054857A61C21C2470572FF000B9D73AF445E8FDD6F72EB9AD529B8B0399498C24997645EE900B72911AAED149B000E4A9B73679EF3677868E69DDA83FBB477714B5A63F569E55076AD1AB9A21EDFD4CE3E0AE6FF00A8B9FE2D948ACD4298E1588D3AADDEA6E0E07927758ABFC470DAFA8EF05095F2C8EA3453E5C98DD5B077051A8B9500FB66E7235F309955B1F74F9A96AD45CD3D126EA6FE0B3B9692A0EADBB8682536753A9C1AA75D49FEF782569D0E6567E2AF257A9585576A63C14CDB6161BA992B6BABCA749A5CF78681C4981E6A9D8E7A48A2C96D01DABB9C6EB078EA554CF0792EB55ED602490D03F9E0AAD8CFA41B7A208A67B57FE5CC4F525732C6B69AE2E72A8FF57DD6C86F97150A5CAE6516ACF8E6DB5D5CC8DEDC6FBADFDF555A73B9AD415857329E8256A56E8855C0D4356E02CEEA21225AF64B62862542BB454ECEAD2730D3244B0EF032D70D786A34EAA958DE0D5AD2B3A8DC30B1EDE7A3870734E8E69E61762F41A4FF009A1D291FF52BEED1ECD50BFA268DC3675DC78F6E9BBDE61FA6853CD2B1E5121614863D85BADAE2ADBBFDAA6F7366237803EABA391107C547AB484210982B6CF735C0B490E04411ACF085D46B615714A952A9714F70D46C903300F23EE98CE1547D1DE146B5E35D12DA23B6775DC3EA8EF2E8F22BB763176DAD6E69E441E3F51D561F35FC6988E68E6AD094F710B234DBBCE70DD989D23A3B9265BC0EBAAC2343AB2C42A52F60FAA75691BCD23911C95AF67B688086B7EEF9D2713D993CE9BB5A47A66DE8A8C490B66BD50763A189D27B830934EA1D18F805DFA0E9507E93E09CD6A00EB91E6B9459E2E437B2ACD15697B8E131C8B4EAD3D42B26158C55026DEB76ACE342E1DEB01C995F33E0F9EF09CBFD2E2C5718739AEED29B8B1FEFB743FADBA1EF52387ED0BB265CB774E82A0F61DE3F84F42A26C31CA551E29FAD42B1FF00A55446F1FC8E9DD7FF0069525529EF64E1D084E516277B61A82B6154280B36BA98893B9C01FC3CA0F2E897BFB96D36EF54786306A49893C82BF24F89EDDDDB0651BC790D077951D51C4EA401C864155F17DBCB6A32D64BDD1C071EFD151B16F48171527B38A60FF7380EF3A7829B7A7F4EA189E3B42DDB352A35BD0EA7B9BA9543C73D25120B6DD9FDEFFA347D573DAD58B9C4B8971E64C9F3291704E42E9CE258A56AEEDEAB51CF3D4E43B8681322B60560955C260AD42C17F213F25A9009E27B95426C5FCB35B3018CE16AD3C2344A34C84060A16508E980B60B594A342543AC7A0532EBB1D297CDEBACD510446BF485C83D07D6DC7DC98996B079177EEBA8D7BC12490470F04BA3DB897A79B00DB9A3580CDEC735C7AB082D9EB0E8F05CB576AF4DD6FDADBD3ACC04F67506FF00E56B8113DD3BA25716579BD88D4F6D50842B2741F44B7618EB81C4B699F005D3F30AE35DF39B0919F80F05CBF612F852BB66F7B3501A6787B5ECFC405D56ADAB0E60C1E3061727CF3FD37F8BE9138AD8D4AF44D22F104EB9E9DC9A52D9D753A701FBD03F16790EA14ABE8B9B9074F295A3A956024104110468B397F1762B22A832273060F428238ACD7C0EBF68EA8DDDDD3C263E2B5220907220C10AD30AB4CA5A8D52DD135698297027348D2B5B1473A96EB807B446F35C2604E641D411AE4ADB866D40688ACEA51F84871F67F0EA2655028BC839788E6121714E3D49C8E74C9F8B1102CBB4FB4ACAC62A572D634C8A747DA3CF79E7E8AA5B5FB48EAEC6536170A6CCF7499CC71278950774C70273C93695A4CB3BA3BA958B803E05272122160856452735873D68829F0D92E5AA216500704C4132265A09CFEA9EC24AAD32ECB28F8A69B08B1C04C71FF48FF74F29081093A76C0754A6F72095A19285AEE73CD485B61AF7C68D1D7F64BBC3322AC58159D234C3DD0499D738858B7D9E69F69C67C92EDC2453F649CF5CCACF5A8A9173C071765BB61BBA3BA02797FB5CDCF39C9542D68000E40F7E6B3430E69766B35AC986DF0B9DF6B9BBD4CB4B5D3A3B7B8280FF00E3BB4F7EAF98FD9592D2E29D260681023926FF00E20D44D59F47E31C2D0842EE72B2D30BA5ECCED0B2E1A1B5096D568CFF00347E20B99A56938820830642CF789A8ACEAC764AC41193FCF3F924995491123E2147BDC63558AC57271D1D39A974F6C41F255AC72B7DE87B0FADA387EEA6ED0FAC93DA560FBB30248CCC667BCF15594DA8CA35A75FF84E58F4C29A78CD42AD1177679F15B39A1EDDD391D41E47815AB755BFE25268ABB665247470E4E1AF9EAA2DD9988000F9A9EC4C7B7FA5AA16E4E9DCB4CA6C3578DD21C387C41D52F5407343870807E87F9C96D5B824ACBD977E93F30AC8990B52D5BAC1D501A2C2D9EB0AA060AD7789D078A1BABBC3E49409065ADE79AC85940488530491BA24C8CB9AB576CE810C3F091D32503817F5D9E2AD8723965EAACF6BC99D13549F632EF8FA25FB2A8E3A0F34FAD907559F57C20DA15346B479A7B6D60E065CECFA2721601CD2A7235C42A86B48950DF69EA9E62BA2AFCA705BC7FFD9);
INSERT INTO `hobby` VALUES ('2', 'Photography', 'Filming refers to the process of using a certain specialized equipment to record images. Generally, we use mechanical cameras or digital cameras for photography.', '2020-10-01 00:00:00', 0xFFD8FFE000104A46494600010100000100010000FFDB008400090607100D0F0D131310100D130D120F120D0D100D0F0D130E101511161615191815181D2820181A251B151523312226292B2F2E2E171F3338332C372A2D2E2B010A0A0A0505050E05050E2B1913192B2B2B2B2B2B2B2B2B2B2B2B2B2B2B2B2B2B2B2B2B2B2B2B2B2B2B2B2B2B2B2B2B2B2B2B2B2B2B2B2B2B2B2B2B2B2B2B2B2BFFC000110800B7011303012200021101031101FFC4001C0001010002030101000000000000000000000102070406080503FFC40043100002020200030504050709090000000000010203041105122106073141511361718114228291A1082332425272C12433445363647392B21517253462B1D1F0F1FFC40014010100000000000000000000000000000000FFC40014110100000000000000000000000000000000FFDA000C03010002110311003F00DCA505404D19682281345000005026814010148C00000000010A0080A4004286042140108CA181890C8C408CC59932303168C5999181833068FD198B03001940E6A32442A028000040202800000001194800000000000000852000C100001810300084291810C59911818B052018B31664CC5A03005281CC290A80A000010080A0100A400000000000000000008C0000800021590010EA9C47BC9E0F8D6BAA79B0E78BD4BD9D76DF183F0EB3845C7E3D7A1DA6AB2338C6516A519A5284A2D3528B5B4D35E29A032232918031322303164664C804660CCD98303104281CD4522080A00000000000000000000000000004018100000000435777EBDAAB30B1A9C5A9F24F3D4DDD62935285116938AD7873B6D6FD2325E66D04F7EFF15F35D19D3FBC4EC2D5C6AADA7ECF269AE71C6B37A8BDCE32E59F9B5B8EBDDCCC0F2D9BF7B87ED63C8A278163FAF871E7C67D772C772EB17EF8CA4BE525E868BCFC39E3DB655645C2754A509C5AD34E2DA7FF0063F4E17C52FC2B55B45B3A2C4A515641EA4A325A7F801EC6069AEC5F7D30E4557118C94A3A51CDAABE653FF12B8F83F7C77BF45E7B83172217D70B2B9C6D859153AEC83528CA2D6D34FD00FD48CA40232159008CC199B306062C118039A5442814000000000000000000000200000020000000133CB5DB6CFE238F7AC6CABAE94B06772C6B24E319C69B1AD38CE2937194631F3D2EA96BAA3D48CE93DE6F66E39F443D9C60B325CF4E2C9CA35BB62EB9D96572938BDAE5AE4D2F14D7471DB60693ECEF797C4B86C2CAEBB636C2764AD6B220EF6A73EB369B69ADBDB7EF6DF8B67D8AFBEBE2A9A6E38734BF55E3CD27F353D9C0ECEF77D93C43866565570946CA2D6F1A3CEDBC9841356C2314BA4A2D2D4B7D5A6B5E0D7068ED6E3CA89D795C2B0F2ECE592865C14B06D53EBA959EC75CED3D6FF45BF37B7B01DB9EDA3E35284E78B4E3CE2FEB5B07CF3945414630E6693504F9E5AEBD67EE47529239189893B15B28ADC698F3DB2E9A8C799456FD7AC92F5FB98CF8C149286F4A2B6DF46DFC3C80E31CAE19C42EC4B616D364E9B2B6A50B212D34D7AF935EE7D19C5007ABFBBEED3FFB6302AC86A30B1395793083E91BA1ADE979269C64979736BAF89D8CD2DF93B67D9FF10A39252A97B2B95AB5AAED69C795F5DEE4A29AD7F56CDD204642B201198332662C0C0A001CC2900151485000000000000000100000010000000042B20035B77C5C6E5C3E5C2AD8BEB197116A3BD6E4F0E55C5EFE36FE26C834AFE51D3DBE151FFA7364FE7EC35FE960727B95ED4595C71302CA615D57ACCB30B25DBF5ED709B94E3C9AEBE32EBD3F41F89DA3B65DD760F159BB56F0AF934ECBE98A6ADEBD79EB6D2727FB4B4F7E3B3A4F0EC5957D9EE1F9F54777707CDBAF5A5F5A78EF2651BA1BFD969A6FDD166EAC5C985D5D76424A70BA10B2B9AF094271528BF9A680D5BDBEE138DD9FE096538D5F5CC7F47B6F9B52B26E6E3294E4D2EBF56A92515A4B7BF8E826B5F23D09F940D6E5C37134FAACB8BD75EBF98B77F77F13CF6C002C9F87E3EF201B07B8FCFB6AE314D509B8D7950B95F5F4D58ABA67386FDEA4B7F7FA9E91353F709D9B7463DF996D693CA718E2B925CCAA873294974E8A4E4D6FCD47D3C76B80662CA4023306652316063B0001CD044502A042814100141000000000002000000000640040001A1BBEEC7BB3B2F2AE8453A383538D45F66F5F9FBE7CCA315FACF56437AF0D1BC788E4BA29BAC55CAE7542735541C54ACE58B7A4DBD26CD5F0DCF82E3DB6C5D5671EE318D7CE337B7CB6E64655A4DFEAFB2A60D7B80EC5DDAF0E84B845B8F62E684AFE2345917E7077D9092FB9B33EEAEEB61856E1DDB76F08BEDC4937D39EB4F9EA925FB2E32D2F7451DA38770EAB16128551708CECB6D92739CFF3964DCE6F726DF5936F5EF3A9F14CA870BE3945B2DC2AE3747B0B5C6B94BF95E3B5ECA526979D76387CBD00D41DF5F109DBC672A0EC72863C68AEA86DF2C374C252E9EBCD296FEE3A09DCBBD0ECDE570FCEB6791285BF4FB722EA6DAE6E5CD1766DA69A4E2D73456BC3D1BD1D3801B7BB81E7FA4DF0927ECE58D6595C1C771935915C1CD6FCFF0057A7EC2F4E9A84F44F77BC3A18B9D5571DB55705C1D3E5694A575F65B6497C66DBFF00E01B1D249249692E892E8920080464652302330664CC5B02031600E6A3230324C0A0002EC1001410002900000000000230C8052000000075DEDFDF28F0FBAB83D5B9F2AB0A87D7A4F266AA6FA7A425397D93E7F6D38363DD6F67F1E55A942199AAE1B94755538774F97A35D3F375FF0094E6715FE53C5B86D3E31C1AAFCEB96BA7B492FA3E3EFD3F4EF97D932E30B9F8B7068FF555713BDFB9AAE9A97E16C80EC8D9D7FB6F833BB0AC954B77E14A19789D3AFB6A1F3A4BF7A2A70FB67DF0079FBBF7E210CABF84DB5C9B85F851B6B5E91B2C6D6FDFAE8FF74D61FABF0676BEF430A789C46CC77FCDE2C5C70FDD8B65B3BE11FB2EE947EC9D49783F9019555B9CA318AE694DA8C62BCE4DE92FBCF5F61F08A69B55B18B562C7AB19CB6F4EAA9B705AF269C9FDFEE47943B35282CEC1737A82C9C6F68DF943DAC79BF03D7CFC5802329003312B316046625662C080800E62298940CD32981926050000000000000000230C8000000106C0A6327A4DF5E9D7A26DFDDE65381C7B88AC3C4CABF5BFA3D565918FED4A317CABE2E5A5F303E0760B2FE9F3E279DC9656B2AF851442E8724E3462D6A2B71F2DD93B9B5BF1E9E472A4F9F8EC7FBBF0C93F9DF98BF850CFA3D9BE1CF0F0B1286F9A54D508DB2FDBB75BB25F39B93F99F1F84D7912E37C56C93ABD8D78F854C1454FDA297D7B23B6FA784EC6FF7A1E8C0ED40136079D7BF983FF6C37EB8D8ED7C3734FF0014CD6E8DE5F941702E7AB13362BAD2FE8F7BFECE4DCAA7F2973AFB68D1C019EC3E0B99F49C5C4B97F48A28B77AD7E9D7197F13C787ADBB198F2A78670C84B6A50C4C6524F7B52F651DAF901F64808C018B0D9008CC59598B0210003985314CA064531D940A99926605D819831D9760504D936065B21364D814100000805201A0075EED66AEB386E2F8FD2B2A16DD1FEEF89FCA25D3D1D91A23F6CFABC438AE362ADDF914632FEDAFAE9DFC399AD9AFB33BC5E195713B2E9DEEE8518D0A31A54553B939D9639E44B6BA6BF3742F1F2606CD3AFF0066DF36571B9FAE6D75AF857818CBA7CDC8E370AEF078565C6528E6D557224E71C86F15C537A5FCE694BE4D9C4EC6769306CFA547E978DED3233B3A70A9E456A7383BE51ADA8B7B7BAE116B5E4C0EE64381C638D62E0414F2322AC68B7A5ED26A2E4FDD1F197C91970AE2F8D9B5BB31EFAB22117CB29D7353519693D3F47A6BC7D40F93DE2F0CFA6709E2356B6FD8CAC825E3CF56AD8EBE2E1AF99E523D5BC5BB6FC2F1A17FB4CCC79BA56ACA216C2DB27B7AE58C13FACFAF87DE796731C1CEC75A7084A5275C24F99C20E5F5537E6D2D7503F2A5AE68F32DADAE65BD6D6FAF53D99A4BA25A4BA25E8BC8F1C70F8572B6956B946B9595ABA51D7346B725CCD6FA6F5BF13D6189DA7E1F73E5AF3B12C7D7518E5D2E5A5E2F5CDB03EB11B22926934F69F835D53F991802031604316CAC8C0809B00753E17DEB709C8D295D66237E11C9A5C57F9E1CD15F3676FE1DC4A8CB839D17559314F4E74DB0B927E8DC5BD33C86DFBCFD71B3274CB9EBB274CB5AE7AEC9572D7C62F607B08A99E60E0DDE4F14C3945ACBB322317B74E4BFA4466BD1CA5F5D2F8491B9BBB5EF063C6D5F09D71C7BE84A4E119B946DA9BD73477D569F469EFF004A3D7AE90779298940C810EB99BDBBE158F6CAAB33A98CE2F524B9E718CB7A69CE29C534D754DF4F303B203E4E0F69B03224A3567625D26B6A10CAA6526BF777B3EB00008071B89E7D78945F758F96BC7AE7658F5B7CB18EDE979BE9D11A1F33BE7E273B652AE18D4D7B6E14CA976B51DF4529B69B7EF5A3BAF7EFC625460558D07A9674DFB4FF0006AE594BEF9CABF8F5341AAA5E3D34FD5EB606CBFF007D7C49A5F99C18BE9D7D8643FC3DA9C7877CBC56326DFD12C5BE919634924BD172CD3FBD9AEDC1FDDE8DB306C0D85C73BDDE259718C60EBC0492E678EA5CF397EFCF6E2BDCBE6D9D3EEED2E74E7CF2CDCB94B6DF3BCBBB69BF4FADD3E47CDDF4316C0CE773949CA4DCA526DCA726DB937E6DF8B23B37D0C12D85E207E8DEB41CBA7AFC4C65D48D81FBC2F7D7ABEBE3E7B3F5864355B87349C65252941C9F23925A4F97C37AF3F138499FA296C0CE514FC91F93868CF98AD01F9463B2B0FA7BC6D01F5FB3FDA7CCE1B352C6BE752DEE556F9EA9FAF356FEABF8EB7E8CDF7D8CEF031B3F12165F76361DD19FB2BAA9DF0A539EB7170537BE592EA975D34D75D1E6ED0D01EC0524D269A69A4D34F69A6B69A7E681E70EC7778B9BC2946BDFD2B1E2FF00E5AC7D6B8FF673F187C3AAF71BCBB2DDACC4E2F5CA78F37CD5EBDB5364792CAB7E1B5E0D78F54DA03EE18B61B316C08D8310079109B0008762EEFB8DBE1DC4F0AEEBCBED157724DF5AACFA92E8BC75BE64BD628003D585000D6DDF4F6AE5838F563572942798A4ED9C7716A85D3954BC9CA5F8464BCD1E7E94B7FC3DC80026F7FF00BB3EB70DED166E2F2FB1CBC9A547F4615E45B082FB09F2FCB4001F6ABEF2F8C47FA75BF3AF1E7FEA81F738077C5C4299C164726756DA53DD50A6DD3FD994351DFC63F35E2500759EDC76A6DE3798ED92F675D69D78F527FA152937D7D672DF57F0F43E24E7B7E8BA74EBAE88003F2F68BA984AC7FF00928031E65E68C5E8800C77A2360015300002A6001915300035B30D000232D19A600067D0E01C66EE1F9155F4CB96753EA9FE8D907D25092F38B5D3F15D52000F46763FB574718C776D6A55CAB6A37D335D6A9B5BD292E925E3A6BE69781F71B000C1B0001FFFD9);
INSERT INTO `hobby` VALUES ('3', 'Fitness', 'Fitness exercise is an exercise program that uses bare hands or various equipment, and uses specialized movement methods and methods to develop muscles, increase physical strength, improve physical fitness, and cultivate sentiment.', '2020-10-01 00:00:00', 0xFFD8FFE000104A46494600010100000100010000FFDB00840009060713131215131313151615171517171718171717181715171816171615171517181D2820181D251D161721312125292B2E2E2E171F3338332D37282D2E2B010A0A0A0E0D0E1B10101B2D2520252D2D2F2D2F2D2D2F2D2D2D2D2D2D2D2D2D2D2D2D2D2D2D2D2D2D2D2D2D2D2D2D2D2D2D2D2D2D2D2D2D2D2D2D2D2D2D2D2D2DFFC000110800B7011403012200021101031101FFC4001C0000020203010100000000000000000000040500030206070108FFC400401000010302040306030409030501010000010002110321041231410551610622718191A11332B142C1D1F007142352627273B2E1153382344392B3F15324FFC400190100030101010000000000000000000000020304010005FFC40029110003000202010401040203000000000000010203111221310413415122053271A114611581F0FFDA000C03010002110311003F00E31954705E85E94BD84620ACDAB159535CCE410C65BC9114290FFE7BAAF09523C7AA988394EBADEDA24BDB7A0D75D9D37B11C545A83B28DDBDD25D6D7346D7175D0A9358EB03046CBE7EE17C5DECA80CC8F2D082D3B5C10488EA5754EC1B0D47B897B65AC05AD6DE58E24662F167CE56EDD774872E7A35ADF66D6FA50615469A31CD55E544993B404FA4B17D30469746398B034D1AA01A16BE821AA514EDF46478212B5247362EA44EFA686A94D357D343BE9A74D0A6853529216A534DEA524255A69A980D0A6A310CF626752921DF4D313005EE62ACD3473A9AF1B8573B404F809E88B670BCB160588FC4E19CC716B81046A0EA10EE6224CE042D5E6544162818B4C060C560A3E6AF34B968B6DECD7006E5152A4CCC81D041086AD4A0A25D3D228A5D9869A2D78EEB880609948319C38B5D11D7A2E9D8E2037E8B4EE294B31291191EC7E5C697835E0EC80040E21E534A9850103896C59509A10C5EE55957BC2AC84471BCFE8FBFE9EA7F58FF00EBA6A2F7F47FFF004F53FAC7FF005D35EA4579298FDA8E41F0CC485E02AEC1B89740D48F55412A52C322BC00284A8B8E2FA152089FCF8AB5EDCE6D00C8B7DEB0A14736B61CD78D765BFA25FCF41A464DA06637988DD740FD1EF1A7B1C1AFACC610D2C60730173E4CB585D20C026403CF65A28AE6C7ED7346D2AE3BA48FA1BA5E46DA0E51DF307C4E9D4119DBF10365CDD0F8869BC5C7A8426078E53AAFCAC04DE2D7820C19E516F55CA6961AABAAB2B878FE7ACE065C05801A9B08F38D4C2E93FA3FE066931D52A3467768E022DB8039022DD0A437F40BC7A5D9B19A6BCF86983A8489570C091AA2DB13ED89CB55388A6364D2B610ED7423E9A24C0A96BA1554A486AB4535A94D2FC6E229D31351ED60B99710040D6494D9A13C5B17D4A485A9491F83C5D1AC0BA8D465402C4B1C1D1E31A2F6A514F9A1552C4B568A19F4539A9410B52926AA01A143E92DC380609EDA2D7B48DDD1676BDDD39C495AE55A69C703E2CEA6D8CA1C4080098045CDE792EC9B683C4D2AEC5BC5EA36A5422A801E6066008B48EB61ADA392D76B530098D26DE1B2D9B8935AE7B9C7BCE71D87767F8509C4F8516303DDDD2646583B6E0E8514525A405A6DB66BE58B1C88A2C56E130D99C00D4903D79A6EC58F7B2FC0855CDF10777288F1995B3D7A4D600D1A01011340063065005B649388E2F5BA96AB932F98512558CC4CD92DA94655C1D2896342E5D19E4D7B1746125C4D3BCADB3174A527C7E12C9D8E8464835AA8AA21155A9C154B82A042375EC0FF00B0FF00EB1FECA6A2F7B063F60FFEB1FECA6A24D792A87D1C65AE20C8594AF15B4699274F152B2E46015E2986DDDE9F8ACDC433E5B9E7B0F05E0A05D079A5EC348F73971DA395ADE0BC630CC78AB2A3444DA6D6E63A2C4BED1A7E0B3F808CB2440FCCFE611FC3A9004CF78FB479E887A6C000331CED3BA60CAAD68264025B69E46404ABA7AD21933F237E05C5248C33CE56BDD94970989300348B8FB32048DE2CBB1F66F0988A1342B385467FDB7D8651B8D64EBEC57CFD86AADA8F05E60CDDD73CAF1D358F1E8BAD6169E3658E6517D5A2D69CAE7B89CD98110D6B623620DE2D7BA45A52CE6B68E8EC044845B4F752DECFD0AA28B3E37CD02D39A21A01976F79BA6750591CAD887D01D66A0ABB3747546AC58C47A02BB14BA9AE45FA5EC5976229D006D4D999FF00CCFB8F4681FF0092DB7F4ADDA0AB8714A8517163AA073DEF6D9C180E56869DA4E6B8BF77AAE475714FAAECD51CE79312E712E718B5C9B9B2D5D0DC181FEF61FD93E2D528E25859A1EE96FEF03023AF4EABB53E92E35D9DA8CA189A755E096B5D36D41DAC765DBB0CFA7529B5F49C1CC22C5BA5AD1D08E4B77D81EAE569315D5A283AB453DAB4505569274D1E739167FA782DCD99A2F041B47E2B3C39C8C874112769D44146B7873DC091A0F73D06EADADD9F78A598839A6C05EC8B97DB3543F291A9D6D64734C38EE3E9D4A3483443808236037F75319C3DCD991A7E754B2A524E5A7A62F6E76804B51DC3F0AE0731F258D2A049B09F1D13B6B8345E16DDFC23267611FACBB2C4A02B3094561AA83AAC2B62D93012514F5AED82C42A1D8C33015989A9285C9BA625F62EABE8B6A62604A578DE213202AF1758E881794E8C6BC89AC8D83D50877044B954E6A70B46E3D841FB07FF0058FF006535165D861FB07FF54FF6535126BC94C7ED471EA585B49B00BCAD5B6161EE51F88AA2D1B37E58B071FAFF0084290729716FB7B8F35026DF93D4D25E0F1B4A5B692418223C22FB5D1587C391670D3513B05E70DC1D6AB2290F122DCB523F364CE96069D23FB7AC5EED7253BF4EF3CF8A5E4C897E3BEFFB1933B1652C2662624F28BFB228E0320EFC0396407183BEA358D15D5B8CBC5A8B05366860778F3976BE897E2487DC6BB92499F5429DB7DF4174BC16B7170CCB0342D3B82235421049BFE6166DA71AFB8DB9A329D290098D623431ACCF9A2DA9394ECC386E2031D9ADE92BE95EC463B0F570B4C50A99835A24123333F85C0691A792F9CE8D16F7B59B65E5E24F82EB9D82ED161A831941A3E119EF9A820BC9788CA5823ED18074117E68BA5C930AF1B7274E0B072BB2AF7E12A31CEC89B052D5E9A61142985896A6B930F9F38807715C7E26A34934D94EA3DB17228D169C81BD5CE20C7F192B4FA2D5DA38F761D983662315847B983E0BC3A98D986EF0D74C8102C368B2E4430462D13E8A76F4F4CF4A754BF1F0565A9EF66B8F56C0621A6A878A151A1CE6C59CC77CB558398E63582129A7877583ADB4EDE6B71E218EAF5B04DC354E195AA3A9B0B6956C950160D1AE680CD84089830B368CA8DAD1D26855655636A53707B1C25AE1A10AB7D1E8B4CFD14E171949CFA7568D5650730B817B4B40787340CA1DCC13FF008AE9230648946B6CF2F2E1E15A40180A4E2E006807DE9E62880162CA029B465D77284AB57CD16B4142D2EC4FC763219F25ADD3E0F55E3335848337B45B5BAD9718C73DD25B609DE1B0CDA7483008DCF8EE8A6F88BAC7EE56D9CC8875324687AAA5F549375B6F18C0073A56BB8CC243AC2C9F369935E3720C3170D8423A913A260DA204D81F1D958CA6D998011724BC03A6FC816130B51DE03728EACC0D1A827D91F41ACD0191BAA3114B33C807C3C103BDB18A348D62BE1E4DCA12B61E02DAB11810D174A315413E726C4D63D089CC55B988F7D354B989BB17A367EC4B7F62FF00EA9FEC628ADEC6B7F62FFEA9FEC62896FC944F8472EC3605CF21A1A5C4DE0682FBF24CDDC3E9D3EF626A67234A6C30D1FCC7759E238940F874C7C36E527F8880334B8ED6BA5956B975222D2E240EA2D981EB0BC44B264EDF4BFB3DCFC519711E3CF2036886B19C9A222398FBD26C4620B9C2001200B6F31398959E26965006E63C8068D795CFB055538045A6D7FADBC95918E617E284D36DF67950C4006E241836D4E87747600B0CE731104F5D8FD500597B6936FF002ADF870616D76B414F918E26B53700D1272930EB8B4DBEE55E184155D2A5C8DD1B430917E8A7A6A568A225B1D70A73660DC017B098D6C0EFD176CE1FC0F081832E1C1CA1A24161CA66CE3717194126373AC95C4387B760DEBBDC69FE1777EC5F0F6B70ED76520910E69322C328B4F2FA953639759348DF53F8C27B1C70B2DC90CCD0D25A33493DD31ABAE45B545AC69530D10D103F1592F571CB99499E6B7D91485EC2908F409A8FE9431069F0EAD132F2C65B939E3303D2011E6B80D5AAFD8C7842FA33B7983357035DA366877FE0E0E3EC0AE018AC2C12A1F515AB3D5F453CB13FE40E9639EDD61C3A85DE3B05C6DB8BC1B1C2CEA714DEDE45A0653E05B1EEB83D5A4BA2FE8D389330582C4E26A87161AD4E9B434025CECA490248160E9D740BB1D2D99EAB13E3FECEB34E80209DE55E5B6493B39DA9C3E301145E73344B98E195E06931A11D4129B5472A969ADA3CD72E5E994D54B9EE13A145577216105A01B3D7306AAA73C83659BC72589A652C34018C24A4F88A729E62D8955608E58BB5B1654A4A87829A9A32A8AB853C931508A902261B6DD13836C5E561F0A365E3DD6B2D7D993D3ECBEAB73DE42558DA022C98E09BA8546369C08DD74BD30EBB9D9AED462A5D4933342764761B84B81CCECB1C8DE7C93F9A44D38DBF013D91A645175BFEE1FEC628B67E0AD67C331FBDF70510FB854B1691C4388E141AC5F4DAE82CA998139A0E5CB6B6867D904F061AD6D88116D9CEBEBCC923D93AC4522D6C3779CDB9248CBE8D6C8EAB034407175CC111A77B60EF12403E10BC89CBF89EBF116BF85B2A5474BB2B45DC06A6E3316EC2DCF740D6C387D4B372898899932604CC72D3A2D87094C804DE72DC800DC0395BAE9B9D7D90B5B08D2F804025A00D030174875C6F69D91C657BD6CDE1D78123F09020107BC40E46E0483E6BDA945AD396648034D24893E9A2F710D635D91AE2E8CD24D9B326EDE736F2D958CC400082D32753172373D0EBEA9EF7A0525B31A43C2C9CD1A40333882DE4EDBC3F3C92FC3618B44EA05C7504EC9A51AAD603AE9A78F3E6A5CAF7E0AB120DA2E30081171D351CF92EB1D8EED1B1CC6B5D2D3A168693DE27E72E1A0D649E77EBC7B00F24CCF3302D3D137A588EFEB7B692074985273AC57C914DFA759A74CEF182C7D2AB269BDAF83060CC1EBE88A5CCFB015DFF00AC5E434B0B75EEEB2279DE63C574C0BD7F499DE68D9E27AAC1ECE4E245095EC290AA272AAF4C39AE69D1C083E0442E0BC5F87E5AAF6C68E23D090BBFC2E6DDAEE15159E5A2CEEF784DCFBCAF33F52FC666FF00E8F4FF004CB4ADCBF9399E270065A1A24BAC075988F709EF6BDEDC3D2C36029B9AE6D31F12B39A643ABBE66FFC22DE047254F10A436FCF825BC43855714FE21A35032DDE2C706F43244428F166753A3D1CB0B92ADF833ECE712386C552AB2406BC07C18961B3A601911788D977B0E9120C822411A10BE7035090BA07E8BFB4EFF8A30750CB1C0FC2264963809C8393480E3D08EAADF4D938BE2C83D6E1E4B9A3A5BA9AA5D491C42A4B55ED1E4B0514A547B215D50ECA873926A741262FC4349403E814E5EC54FC3E8837A31F6014B0F0BDA942D2980A42614A94966C252849570C084054C3A7D5A9040D6681A239A17508168E1891001F1089A9C2C477E495EE1315936B1D55D53888245BD745BB7B36786BB01C3E1728803CF9F8AB1F42754CF0EC0E6E6FCF92C9F402EE6314A4BA30E114E187F9BEE0A233014E1A7C7EE0A2354668E0F8732F1724CDA0DE64D915F12C1D02E48999D2245CC6E3659E1B87BAEE7914C492013705CD83607F30AEC43E906E56C96E6B49313021A26F1A6ABC6AA96F4BB3D354C1226C343CA2FCF4B11F995EE1C44B43635BDA44FAC0E81646A8372E1E02E6069D3CACAEA0E1A89226245A2DBC136FC1736D2377B17E23054EF2CEF389822207420993E3BC79A16BF0E0D25A63B8DD412413973183626F227A2D95CFA4F9058D8D264F8026FBAAEB5360706E5EF9B5C9DED6D79A29F50FC34128422C5345371639DDE1F7136F655B695F35A35B7F944E2F0B355EF224925C5A6D009B19DF5E4B0ACE606882730FB3D0DD377F4371A0FC29683A1F1D3EA986028C999B69C923C23803244FBCFD13BC13C6D23A1852664D782FC6CDCFB32298A80381D46DF2991F595D4A98B2E41C171618F04F3198DEC246B1A69B2EB987A999A0F300AAFF0049AFDD278FFAA4EAD32D51078DC66419AD00899B5A6F1EFE8A9E1DC545524345AF0ED8C7DEBD379E15706FB3CD514D72F8192D53B5C01B08279755B52E67DA2E2B9ABBDA0C8CE4798316F350FEABDE399FF659E821D64DAF843BECDF64DAD3F16BB417CCB586E1BD5DCCFD16CD8FC28A8C2C3A18B1D0C19870DDA6208DC12886ECB2856E1C118E38CA26CB9AF2572A6737ED97605B5291A984A2CA755B24B187BB545A5AD900348D4584E96995A8F607B338B38EA4F7D17B1949D9DEEA8C7374061A240924C69E2BBA16AC4B50BF4F3CB6862F556A1CB282D5E8A615A58B184F2604A94D0EE62645AA97D34AB67685EE6AAC184654A6A83494ED98C18BBA2AAA17231B4AE113568CA1D8493621F824955D6C3C26F55A83A816F23B820166141064C1D8216B61A344C1EA8732512A677040F85AF90117BEDF82285570D90D88A5047E617B56B48B1BAEDEC24B486FC371199A6DF688F60A213833FB87F98FD0289A8CD9C570F88377920BC90180DC03BB8CE806BF92A7C619834825809D0FCC409975EE0993B44ABB8B3BE190601240CAD026F0D0E774B83EA960AA5C2017006D7B08F3EBB4DE4A822535B3D07B5D0EA8D5CA492C04B66E6E4083023CE114FAE5DDEB81A580131CA3F3E895E0CBDC481B882D0249171049B6C7F21175F10DA7DC905FF688360EB1C822D69BF33E09373DE834FA09A6D86E6DA4077DFA79F9A34372B01D72922604C012DF68F44BE9D62034116E51A77A4133AEB3657D6AF0D806FA1F4B47A81E452293D8D4C1310464870CC621AEB089B81316E77DC245FABBA09FBD6D94A9B4B434C79C4E970A87E080986803945FCD1C66E3D0E99D9AFB6A1B4FE7A26F8292334C7E7DFC1134B08CD6018988FBB97AABD9851C9C605AF11E1B2CBCA9A2984C6583AC72D8112353AB81D446CB75C076CCB5AC61A539400E8264C4692B9C9F89360728F099F045D0C539B731E7AEBCFC94F392F13DC3D19970C655AB46D3C638F3EBBFBE0B69C9C8DD245E09BF7BE88DE09C6C536E50D19B506E1ADCC4CC88BCDB4D7A42D34F100E89CA0F4B18F25650E339486C9227C4EBCCACF73273F73E45D7A7871C35D1D8F058D6BD81C1C0F38E62C626FAAE39C11A7118EA6CD7356CC7F95A4BDDEC0A618BE34C149C6EDCAD25B062493397CFEF5AFF00653880A45D54BA0C65691ADC82E565FA97994BA5E3FB13E9FD3BC336D7CF83BAE2314D616875B33B28F18240E930B3AB880D05CE3006EB97F13ED8F762496F748982439AECCD703E2058CA4589ED43AAE769A861C413C8B80001D34000F4567FC86FF6C9E7AF455F2CEE21CB17D4812B9A50ED3F71945AFC945ACCB99BFEE3B2888D7B9277E88D1DB264653613100EC058C9B4CC7BA67F9D2FC0B7E96D0FEB76A29B6AB29B83817680883F365066608FC4142E3BB65469B86623E1C8CCECC25A0C892DD40CD6E762B4FC7E3DB8AA4E6BEA1F983A94012C7106E1DAEE5BEA125C50240CD54BB33CB5C6C41871311B9FC49B148FF31FD8C5E997C9BCF687B532C6BA9D47D26B5C0D57B1AD7433477CE2E498020483AF25B5607162A526D468700E68203C10E03F881D0AE1C714CF89FEE032E324F78B6FDD263A49F55D4B83715A2DC3C31F9DAC17398BC99BC4902E790B44238CEFCD01970EBA93627054D56DC6F7BFD41F5016BFC43B58C6522F734932218D2093A8CA794C7BA170BDB7A123339D13AB806C0900137E464F81F042F32607B35F46D386BDFD95CF724BFEBB4831C5AE0E869232DE7BA5E488D468B1E15C4FE2B0B9AE0E9DF604120CF800DF19EA839ECEF6DAEC635CCA06AA273EC249EA2FE7C90B8876B3B100ED7239F81945C8CE2CA5C86F89607F33BA3297CBDEF9AFA21AA11EE8D51DC416A215ED46BDE011D7EBF9050755D21C06B31EFF0074ADE667B7B19708700C3FCDF70514E14C05AE903E63F40A2726F40691C4B1F4665EDCCD6B2186731BDA4171B733680A8C361DD51A4B62C3A03632491BEA7D02C31389734650D21B7CDA92E27F78F343D3C537EDE85C4E569BB7589B4244CD712F6D6C645EE6F79A4824001C72E5EF448D8CC136D55981A665CE6C3BE6926012482000266D7833AC689556C636066EF1D3366062DA41D3C7C150FC6E5D371A1BC037B1F3E8B7DA6D19C979368150803316B9CD9D2C729D25B274824F9A986AC0C97FF0C8169BE53E161056B54788D490277B69CC44FB7A2BABF11712EB889B198988F5B84B7E9D84B2A63DAB89005816BA2C0381B5B4741EB3BD91984A8E7B092D3943873206B21C46F7F05AC37171DECCD04BA40139B6B981C86FCD1F86C4075401AE700E2D619079581BDC4CFA4D905E0E874E4DB36BA34E40EE88D838DE00370005EE1A9EC1C08D818EB3A1FA2494F104434EBB1CCD8B6B7DE2F202CE8F1683041CE2E4411A49373B0D67A8D148F0D7C16CE61B622BB986EC70F79E7EEACA58969FB42795C1428C50907A6CE26FD7F274560C4B5C609009B0902DEBF8A5F05F43D5EC31D49A645BFE41A67D610EFE1AC26CD83D0E9F5410C4380EE80EF411A916DB6DF9AA31EF73A9B9B983335B5B1D2D73A14538DECE7DA17714C68CC594DC4B46A641933CC6A059794690C92EA805F7937E4634D12B7D1703136E89F70AC461D832B69C3DC225D2498D60DE3D02B2A54AE846F7D307383AAF12D7078FE174A15F83AEDFB04F85FE89F3E951712E631CD7C18CA7249D3BD61207258D5E22E6939A89224DDA63C893337E4B26BE90ABC4BE4494788D467CCC70BF22BDFF005883FC27C8F5FA94D1BC6A91EEB816F88B759DD64FA8C78EE863F9DC4FA108BAF9912F17D313B38CC6845B4E7EAAEFF549024F51D76449C3D1BE6A4C33310329241D3FCA0F1D86A760CA53FC39C483E17E43C611A986FC09716BE4A293FBD9C188327416D87B26ACE395091049B09BDAD20592C650110E6BD8635CB31D0C792F5BC388BB6A308DF51BEEB694BF2642BF81B378817000C98F706DF820F8954731C67CFA693077D7456FEA8E6B06849D21DADB6EBF9D92CC7FC527436E9EA06E364BC729D7436D353DAECCDDC5DC1A1998C349B69622E0AE91D97ED3FC566500361BDE21D05EF3244DE00D4F9DA2571FAC5DAB9A7CE7DD5D87E28FA67BAE891B18B40DD515876BF123E7DFE477AABC7B366A6C233890E2208A64419206A368B1D792CDD8AA795AF69CAC77CD24826D198937E409EB32B8A70FED3546B0D2CEE0C71CCE80249912493E1AEA08F105B54ED9BA0EE6328B75693A5883974237487869309541BA6338EBA83E633805A006925C756E69363A0F523505317639A582A8782DA82011FCA4821727C6F681EF333BC8E920FADEFCA4A26BF6A5E4359F65AE0666498B5BA68B7DAAD1BCA7674FAD891944904913A1D8804C7490856D4683DDCC2350768C963BCFF95A1D3ED1F785DC1B68B8F6816DBA2F6A76824BB29003C0B5E600F9072D4F7BA05DC68E7C4EB1C12A4D3245FBC74B8D0755E241D99E33F129B8B1D0C0FCAD024400C6182235BA89F3CB44CD76715755734C837E72A8712E3AC9279A2FF571798F0FFE222970C3A8000B5DDCFE899CE647BC7542A34DD3A7D15A439D036D00FC0AD986058E0D8CB169100C5EE47430B2FD49AD2E882EB584DA7AA4BF54BE86CFA67A35AC3E15C2480790EA74B782B68609D948CB24F33EB002D8AA8AC5CE68A6ED00123EC83AC9B81A5C5F45E8A2E1734BE669226A40D200EA3EAB1FA86317A7935D1C3C88964830759E7C8591668D60D20021BBC1311B5C9B88F629BB2B38182D68008B4E588F960906E279147D1C758662003A66735C5DFBE08B0168D637DE10D67AFA1B3823EC53C16A5469148E66933949D03B6F11EA15AD7D42EC8E04092DD04483F64DC4DE62392634283C39A1CF058208CAC247DA105C204DC6A3746E2691354388EE40FDD0003A99235B73DD4D59973FE50D9C6B7A1237074B77492E8D1CD2DD0004DA378B4239B8469897BB581DED763123C2D0897969CD70F200B1735A489224189E765631ED1900686CD8DC6BE60BCF8F541595B1BB4BC15D3C246865AD139AF7B4C5A791D179529B9A3BCC311ADA07ACCF8751C9306BC980DACF2661D05C44E4CC6CE927E53A6C7A4A8DC632B1194CC01622D71235D0EA75D79A572A5DE8DE5DE8D671749B04B08004DE351A6C39A0B0958B6A35C363E4B6DAF86A4E265BA8CC2262E649047CDEA56AFC430E1AE200900D8CFD401B2AB1DAAE9816B5D8CDD8A930EA445B524936EA00E8BD350C48CE0ED275D362676F74BB08FF0088436F985A08B441BCEA05E3D55F570ECF536BBA7793DD1D0E9CB75AE527A3556D03D6E25965A6998D3E6693EF175EE1453749EF0FE6116DA6E4485E3ED0D0F6384E8E19C7B831F9E8B2663994E33B18D68988686E6981223EB0774DF8FC45FCF65D4E9B80EE9396DA5C738027C7DD5DFA935FAB1BE620F4B0D1654389B4496924448B34C0B9D883C94771E00999F019A458EC424BF73E10CD47CB3D670F708CAE70E9363E46DB239C034697FE69D84CC425AEED05327BA7C813BF3FC95462389E6D249F2D2677283865AE9A357B73DA61588AC1C6C47A9DC72D4AAE9566C16B89D358B03D353E6847D77982D638F8820FB491AAC4D5AA1A49618903BC34F0BCD93E634B422AB6C3DD44B897198B469046D005BA73280ACD66E187F99A5BFF00DF459BF1E44FACB4491D640304DF92A68F11065AD749D25D10044C9245B71AA39542EB8B321C328BB61FF136D77548E114CDFBC3A4DE7D7A22A9D49CC086D85E3E69D605E75956006E05DC3C205844C6968F35CEE97C99ED4BF8016F066936A9A7DFE8B177037580702758883D2532A96986E73CE4C36FBB9ADE5F45836A8D2066046AE22C7C6FECBBDCB07D88FA149E115B5107F3D554EC255009F86EE841984FBF5E6C0FDA1699BD8BB7830397559BEB025B95C77CD9AC60685B1ACF942EF7AFE502FD3CFC0E7F46A1E30D533020FC776BFD3A4A269D8BA9341C419FDA1BC0FDD628AA9C8DAF04578F54D1A4E170F4DCD8F85207DA88BFF11F645D5C13091F12A34408C8CEF103904A31BC42ACE52E96DFBB602103FEA3FC3326E49932A158AEBBD97BCB291B4D5C552A739293B41DEA8664444013E08DC07116BA4D078656112E0069178B5D6A0FAE5A48B063A2C6F7E9C91581AAE2EFFF009E9491AED3D7925DFA7FC77F3FFBC83EEB1D626A1356A3DD9A60BA41041911724920DA6102E6D47B45EF6CA2EE765D813161D115C5B331A1D941748197ABB6D57983639D99E4063040279904121BE90825EA790D55F65386C7546914CB5AF21F041691671BB4C03CF53CB6531580A53A86D8B807137BDDA7BB63E6A56E20F7973F2B72345FF79C2D69088E2D89058C2C0ECA6C43C4EA24CB8E86E5126D52EB5B0E696BB05A7C4A1E7E1B5D0E10F25CE3206A4E9984C1F24C78ABCB834D31739184DE0183BEC6E50381AB49B4890C7E62F990406F322224FAA2787D5657AA1D51E5AC25C5D9756B403F7C0436BF2DA5E0EE7CBAD94FED739EF66635B2FB996FD92E1110012207AAC6BD2CCC638BEE46EE931F64FF000E9EEA8C5F1663CE52086EB6D63607D97AFC6321C5EDA8F60100B4B6790990989575D01CD7841746B0790D7125A3E50002459D636830472E7CD5FD9CC50A6F3705AEEE4662D0790758D86B2392D670159DF187C132E3619AD33ADCF894751E263390F805AE6CBA2F690F1977916DB45B785F68157F2CD970F55D946675CB8D8372168201241F94F2E9C92AE31813DD7190E22F6104DEE22CED0DF545B716C0E3959DD130481067E57658222DEFD12EC7D6A71104778BB31D2F6D5D726FE164AC69AAF050DAE20153BA4136EB36F309CF0EC5FC4B07E47F28043845EF6B9FC1286D40445AD6047D4ECAAA4F01E4446827AF3B595151C90B9B72CDA451612492D27C8B8111AE5249DEDCC4734AF11F098D3397A4924BADA68635DD7B86E2D13DE2D71104E9980223375B5AE0595B55AD1048CF3A1B8BCEA41993ADE7D1254B97D8F74A97425C3610B8F787282C04B48DF348B4595F8B606920BC380B4105B602017340D3F04462F19323E05A66449F5171D2EADA4F61208CC05B53E30D02040F0D539E47E5A16A57842D7500E9CAC61BEB263C416B44C79AA9D8668FDF9E8D24758247E65347B048734904FCC054008BDA01B7F8E4BCA8CAA2412CB8B1272133A1B48263EAB5643B8216E4732E1C44E9E5E31C967FADBC40394FF2B4CDE353A2C6AF0F7D330E697C9E72E66E6226C7C14F88D68B3489D72916E41B11EF299D3EFC81DFF0102B32C32367901AEC735C5EDECA3E8D37DDCD7022E644B458DE6D1BFA212A521B3A7902DF7B47295592FD0126F326479F38BAC53F4CE6FED05BB87340FF0070408D5B6BF4D76553738919D8E2498831CA40CE2068AAA15AE486826D367083B899F72113FACF40753A03602C0489E7C885BF92E9F666A5F6BA23EB5413F3970DB2989FF8F872BCF82B9BC4BBB93A19EF02791B100B4DBEA87C4BDEE0D01C46A4BB3166924C026FCA775EE1EBBED9981E2FF3449E778BEAB1A5A37B4F45F4AA0301AE7181AB888DF49E8342BC75623341074111048B89926F7E9BAF1FC368C4E52C2489EFEE4E9AAADD867039595AD3A1876D7429CB31CD2370FD1FB89A153B85B159C20993F2533AF9A8AEEC2E1DE283F31699AA482045B253D7D0A8AC9A9D1E7644F93348E214A9D46B09B1020903543F0AC031C4B6F3362748F05E28A1E4D637A65492E8D838870E61A400D6D2612DCAEEEE671BCE862401BC28A29B0DB73D8CB494F45831B9A9C01765A744CF8362E8B8B8D469200B324E50ED8A8A23CB8D7168563A6DECC2A628073DA06669325C6C41B6802F71E0B0179687B1A4403C88BC0E7D54512B5AA9FF00631B7D89F1750BBBCD05B4CDB2CEC3C1502A16B44408B1226E36B28A2B52F810E9930C466F97339DACE800200DEEB2C5611ECA4FD019989D05E2EA28B29EAD2FE0E5E044DA92E16D16742982F833048247FC84FB1514573E84CF638C3E3F21C910E989B1019A86F5B7D02BF118F24066406C0027F7634F7951452B89DECA55D3905A0F3949361316E76563DD90C102047819D3EABD5177CE839F07B4C81244FCDD395AFE29A60714035ACA8CEE9367832F6FF283D7AA8A255A4D76371BD319E2F85873010E744830E2249226411607BBEEA938224DF600190241E56D7C578A282725782DE08CEB0A61AD0E96E61DD89BDB723EF43D4C21EFE7D23A58D849EBF8A8A26A6D203CB06F87941A861D03CCC6D06D63D564711DD976A5A60C3660EC469B95144D5DAEC140F5696AE7EA48890088D26DA7868A97483DE040E86C4400640B8D945132580D155460692D9975B5277D2F75556C3E58397BC7E513EBB28A26AF285BF0CC5EC0F6817B5B5F6BA1F0F41C4C0AA40F0E87A28A264BD3D00D6D6C2EAB63331C0CB448830736CD711F35B758D4780C04B4E61A8B69CE67C3D54513EE277E09E2A9CEF66F5D8623E0D4CB247C53131FFE74D45144D508969B6F6CFFD9);

-- ----------------------------
-- Table structure for user
-- ----------------------------
DROP TABLE IF EXISTS `user`;
CREATE TABLE `user` (
  `user_id` int NOT NULL AUTO_INCREMENT,
  `user_type` int(11) DEFAULT NULL,
  `user_name` varchar(128) DEFAULT NULL,
  `password` varchar(128) DEFAULT NULL,
  `email` varchar(1024) DEFAULT NULL,
  `location` varchar(1024) DEFAULT NULL,
  `photo` longblob,
  PRIMARY KEY (`user_id`)
) ENGINE=InnoDB DEFAULT CHARSET=utf8;

-- ----------------------------
-- Records of user
-- Please note passwords are hashed and length protected
-- Test users password = 12345678
-- ----------------------------
INSERT INTO `user` VALUES ('1001', '1', 'Phil Grant', '33417ABD8AB740F098A1718DB8B5DF707BDFD1243E906CA70CEFDACE312BCF27', 'PhilRGrant@rhyta.com', '123 Timber Ridge Road', 0xFFD8FFE000104A46494600010100000100010000FFDB00840009060712131215131310161215171015151318121215151515101515161615171517181D2820181A251B151521312125292B2E2E2E171F3338332D37282D2E2B010A0A0A0D0D0E150F10152B1915192B2B2B2B2B2D2D2D2B2B2B2B2D2B2B2B2B2B3737372B372D372B3737372D372D2D2B2B2B2B2B2B2D372B2B2B2B2B2B2B2B2BFFC000110800E100E103012200021101031101FFC4001C0000010501010100000000000000000000000304050607020108FFC4003A10000103020404030604050403000000000100020304110506213112415161137181072291A1B1F01432C1D133425272E1152362F14453A2FFC4001801010101010100000000000000000000000002010304FFC4001E11010101010101010003010000000000000001110212213141516103FFDA000C03010002110311003F00D4EAE9C3DA5A7984D69293C316EFFF006A45083961D174BC0174020005E809BCF5AD6E8A1EB71C006E827CBDBD5367E22D1F054C973336C7DEF9AAB5567665CD893E5D506A2EC645F7E4907E3800DF92C81F9B9E49B0DC586A98D566C9482069AA0DAFFD70586A94871A079AC3E4CD1369E837FBE89C5267170241074E883768712694B36ADA5643499CD81A4975B5005FA952D4B9A5A740F1F141A6B5C0EC57A42A6C18F0B01C5AA90A7C68136050586CBC4D61AF694E81076402108402108402108402E1C176BC40DDED48B9A9E39A93735035B2138E14207285ED97A020F1C40172A1314C60379AE73162A18D3AECB1DCD19B0BDC5B19F3282D599336B6337E2F82A26279B257F1069B03A855D92A9CFBF11B9BF35C30DCB7CACB5A78CAB71DDC4DCF55C5EC09F5F9A6AD7EBE452BE2DDAEF21F1BDD02B14BEF7DFDF24AB6C5DF3F86BFAA6C1D600FDF25EB64D4F901E9B140EEF73AF26FFF004579C00177C0FEBF7DD254D2EBAFF55FF6FA7CD76D92E0F9FCFF00EFE8838E1E7DCDBCFEECBDB969163A83C448EDB04A3353A72161F7F1F9255B4DBDD1B84E3C6E769D1E4DFAF4539856712CD1E4DFA85032521F53F44C1F116EE16331B1E0F995AFB10EBAB8E1B89DF9AF9C68710746EB83F7FBAD0B2BE66E3B36FAF3463698650E1A2ED57B09C44586AAC0C75C5D07A8421008421008421078B92176BC41C70AF128841CC554D24EBB24B11AD6B586C792C96AF3939AE0E683DD258A677F748173A7D792061ED0333124C4D3A9DC8E41679C695ADA8323DCF76E5D74DC235E93A2E98EB1F4D1264E8BC79B2D0AC5CD0D77BA7CD7119FA7DFD51CBE081CC5B5FA05CB5C05FD021AFF007523FBDCA07113B73D1A7E276F92F4388681CC94831DCBA9D7D355D07DC8FBEE504C61D1DCA976C1750D453DAC3AFC829FA7945B4535D39751D124AAF080F16096FC5F09ECA4E8E66B85C153AAC52EAF062DE49B530922771374FD968AFA40FDC28DA8C2413B68B759E13594F19E268BEFD1699854F716E76F82C9B05A131BC708D4EE7A0ECB48C0CDAC07A95B2B9F5CE2C284042D48421080421080421080421083E7087100E670C80891BA0B82D0E03B916BA85AE92C0DB45BB664C911BA9C8759AE1F95D6E9B7AAC0B1A61648E8CEED3636EC8D35BAF2217BAE5AED174C16D5684F9D974F1AAE5FBAE8BBE8801BAE5E74086AE0940BDF4093E24072E5FF00A20EB892B11FA26C3EFC9284A090865D6FCF652F4751655F8DE9DC335BF459552A72492E9386ACB1DA1D1358A4FF002BD7A85EADF415F71BA7F1D482553282A48D14B4755DD65749572A4634916576C22100059B60D5962355A0E11517016C4FFD22750BC6AF55BCE108420108420108420108420CCE9BDA1196174354DF0E400EBC8858B62D371CB23AF7BC8EB1EA2FA2D9FDA6E00D6C5E231BEF0170E1D3FE407D7E2B0FBDD1AE9A1745CB8BA02D1CB86A83D1745C1260EA83A0BC735785CBC26E83D695EDAFF7C97AD6251AD40880BC7392AE6A4832FAA051AE4AC4FB7DF248B0273142772B2B61E40E2744E884953B2C962A5D24770E89E432264C4EA20B1513985CDA85A3E5FA8D02C9A19F84AB8E58C58682FAAC8DEBF1AAC2745DA8FC32A7882905D1E7A10842302108402108402108414FCD54AD752B831E07BA47BD7B6DF25F373B42474711F0365F5BE2023969DD6683A6A08171E8BE55CC34E23A999A058090D874081992BD5CDD70E2B5AF5EBC0E569CA795BF11FEECC4B62DC0BD8B87337E415C296830B8FDD3135DCAF6BFCCA9BD2A736B252576D2B60A9C93865537FD8904527406D73E5B2A463592A7A77105A5C3939BA8213D178A808868BC67D12F2D0BDBA10521C242D31EC515CEA74DCF921ADBAF1FD3E296A6DF4081D51D127DF86013BA086E3A9E69D3A8FAA8B5D672847AED853AAAA6B724DAD6EC8574DDD3F81A1453E4E89115120D8ADC66AC9F84BA5B0C698E406FA5D569B884A37296A7C68F1B41D4DC7C56633D372CBB31202B50547CA7292D6DCABCB4683C95472AF108285AC08421008421008421062509C425707BE6920D3FF5BD973FF2B8B7C551F39514AC9B8A4707B9C35736DADBADB9AFA3D99E281AFF000DF300EFF936CD23FBB6597FB62AFA69DA3C36B78EFC41CD035037D420C76E97A387C4918CFEA781E97D7E49BB827D81BED3C64FF57E851AD42B0B5913580D9A00047A681561F49C6FF749B79AB64F4A25A62F1AF093755ACBF2DA7037D5737AB3E6227100E81C0B1CE0EEA09575C859C5D3BBF0F3D9C74B13CC2533765F6381797B63686DC93CC76EEB3EC12A032B18597E10EB5CE971D4A7EC4DB95ADE67CBF0DB8996B9BACBB12A30D27B2BDD7E3048B03CB5B2A5E2AEBBAFEA92962BD236EE4F6899AA47C337BA7F4117555A89CFD5870B8F4BA7AFD545BA620586C88AB4A87539A986EA22AE91C3929FA5903B74EAA69411A05A9B142964E1DEE7C82F1950F3B47F12ACF26123FA7E4917D1F0FF002FC96EA2CAAD4D5126DEE8F9A9CCA993E6AB91AE73B85A0837E675E498E2310F23E4AC392B30989C18E3A5F42AB538DB32FE5F8E160D78881CD4BB8A85C0F170F68D54D15A8AE5084230210840210840210841F23BE69437849786EDCECBD8217709DFD42FAAF0BC3E2E0E1751451696B36365BE57484D96236073A18E3171EF07301F8585C20F9326D090BC85E41046E0DC2B57B4BC3FC2AB710DE10EDFDD701C7DB880E56D954820D472BD7996092369D4B389BFDC06A143E57A80DAC8F8B4BBC0D76BDF9A84CB1893A1782391B8F3FD94963A5A256D4C3A5DC0B9A3F95FB9F42A2C7A675B356CF69B3DDE631C88161D6D7FD966FF00C17389FCFC8742B5984C7570FE218DE3A81168C1A912016E2EE3F559662B84D4B4B9F2412B4024B9CE8DD61E66DA2C877FDAF197E9C490F1024FBB724F550B8BD35BE292C9D98780780468E1A1EE96A8A80F88DF76C842C25D4698FA27748CF44D227DCEA9FC4FB05AD824D79AE06896241FFA4DCDAEB1B4E69EAEDCCAB06175E09175557B52945290775A96AD43411C83924F12C31AD078583E014260389DADFE55C617F88D58DC64F8FD11D490AB2EBB4DFA2D4F3451B403A2CBEBFF00310154455CB27E682D21AF7791BAD7F06C5C3DA355F33C4D20DEEAF39331E7870613E4A937EB77BA14460D5FC405D4BAD7208421008421008421057B18F69185D36F52D94F488F19F92A5E2FEDD1B7B53539B72749603BE97BAC76B686368F766E275F6E11B79024FC54CE58C90FAA377D4474EDB5DC5C788B5BD5C01007A941C672CCD2D71E395C0906E035A1AD1E43FCAAB02B4F8BD9D367E3FC1D47890C60F895125B85CE1B889A371DC959BD75318E47C64DCB5C45FAF42817C35DEF29D8E5B1B1D8F550586B3DE0A62A5B6535D78FC59705A6D4186431B872BE9E854BB7169E19078A38DBFCC08B820EE0F654586A9CC00DCE87E0AE3846638A78F82501CE0343CC79A8AED2CA739829A8033C48699B1C86D6E1EA5674DAA278BBBCAD3A4A18DED690EB709248EA2DA2CBAA2301F201B788EB795D233A98561975DD398E53CCA8D6B6C53B122A64A92E3EE913BA4DAE36ECBC3752A39B9B6CB866FB223BF55D069BEC8C4EE0F35885A2E11540B5657432D8AB9E0D5BB2C6BDCDCFD0ACACD40E237EA56B58DD3F1B0DBA2CAAB28CC535DC389BC5720ED657CB9F46D354B761BF20372AD39230399CFF0011CD2D076046B6EAB41C9B8751B9AD77E198091B868BAD0A1C3E068F7230156395A85C0689CD02EA7CA0F65E2D48421080421080421083E6CA8C2E27BECC86C45ACD85A40D7FAA477DF6563C232D48016FE183DDEEE8F2E735ADBF3BFBA0F3D493D95FE8F02736EEE067916F0DBF5539255C54D0974D2B58C0D3BD87C020AD606D30C5E086995F7E1BDB8608C9D6D1B779081FCC6DD9651ED3B02741521DB8737536B0E2DCFD56A595B3B534D2F15AC4B8B6369FCF6BD81B77515EDC626B9B1BC3740E173C81208B0EA561193E1B101AA7B53622E9B44764A487452EDCBC736F1951B1B083C40907B29868F76C9A98C5D3558790E31370F0F1F24CEA29742E1EAB93A14B453F2ECB0BFE98349DB9F24EA170B248D893C8AEE38D690F587923C3D57B033B278CE96D14A88C0C4BB989C3620BD7B42C69AB4594AD1621C2A26429ACB51C96A6D5BE4CCC00B13F1553C6EBC4876517545C7652D95F03150F01EFE1B1DADBFAAA91CFAEB5A0FB3F0F6C6CBF41B15AAD2BAEC0AAB97B0031B45B6EDB2B631B61656E40A108402108402108402108410199F31C14CD25EFB10D27CBA2C56AA4AFC5E770635EE8F8B4E4C68E44F7B72486378C0A990B8EACBEB737B6BCAFBBCAD172B63B0D2C0DE2023D3DD89BA9F377324F3F358C1947D98981C247C9FEE76D9A3A755E7B7088474F0307F58F95D4DD1679124818D61277B069D9533DB362A659618C823859C67D741FAA2A339604A03749172EE1372A1D61EC43DD29A076A9DC83DD4CDE2CB1D1C4C37F349DB4EF6F984B0D57BE158F62AA269A412826C79FD53E81E39A61554A5BA84A535403A1DD6A65C4C0DC5BEC27AD0141B27D7E89DC55854D8B9D26A3D971359318EBECBB96B1A42CC3484CDE89BF0025273D474290155DACB7116A4FF0EDB755259621BCC38491655D3527915A2648C2785A091A9D4955197A69597A57068075D14CB932C2A0E16DD3C255396842E78905E107484999423C408694424BC55E19875434B2123E30EA841F3FE57CB5E2905EEB35A7889BDB5E83F75A2E1D4D46CF75A039DFCC77D7CCACC3099A79C36286EC65ECE712789CEE64760B40CAF80B633FC4738E9C573CFA232AE784D140DBBCB6DCCB8E9EE8FD160F9CB1AFC555CB30FC85DC31F689BA37E3A9F55A17B4BCCC2180D2C4EFF72416908FE48B9B7CDDB795D63AE72CB55CC285C95A6726D74BD329AEB1260DFE29BB9B729669D1277D54ADCF0A519D17606EB92DD420E671C947490DB5FBB29090FD52126CAA54D47B66E13F44F5B5008BA6D24574F69B2C54C8D2F633BD8EE7D1522DC359E4E88655724A4F8354B40E28C9B8E5AD88EAA3A689EDFCCC7348DEED298CF47323F55DC6F1CD47890F34B441C4D9AD24F4B6A986A46367BC3CC2DA326B486345B90F259A65AC0242E0F7836E43A79AD6300A6E1016C88EAADED7683924DD2774D669801BA6AFA9EF754E57A481982E0BFBA8C7559EA92754F74C4FA4A9957067EF6510EAB3D6E9075695B8CF49C75477493AA7D5421AD2BCFC6BBAA633D267F17D90A1BF16FEC84C3D12C3F2CF840F03003B0EC131CD38CB6859E1B2C66703C47FA55DB15C4C3341BAC633BF1484B86A4127F75167C7A798A8E2356E91E5CE24926E49E65340873978D2A5D1D009ED3469B469EB0E8A6AA1C3520F76ABA0FD13795DAAC51E46BC74965D53EA1275011BAF0BAE12257375D46D24AA4D2D434F770E970B7DCA186C72C0C90000DACEF3E6B17A38800B67F676F2210DECB65FA8EA7C3BAEC1A10E20B40BF6E7D546D565A81E3F2B6FDC0569C469FC46F71B2ADD4C3237BAB71B710B2E4C84FF002348F20B9195231FCA34D881F54F8D7906C745E9C43BA27D13A6C2F83701483266B4685463ABBBA45F500F35A9BD24A6ADEE99C9527914C649C75489A80883E7549493AA9C9B8A905726A168706A0F25C9A929BF8E10660B5858CD7EC8E33D426AE9979E384D30EBC43D57A9AF8C3AFC97A9A616C4F102ED6EABD5F1710F34E1F2725E01C92BD4A1631871612E034E7D94630AD1EB28C116B2A962582169259B74FD972B152A3A34E1CF4CC9234D978E914E2E53C6489199E928DEBC91DAA637531871B8F45CD56E93C31C979DBAA957F0462892A00BAE5D25824E9C97BACD175A94FE131191ED68EA2FE4B6CCAD4DC0CF4540C9D82F0D891A9DD6A14E046C17F5572623ABA74E2B87B01DC2F49B8F44D696AC17161DC6DE4B5188EC6302120BB0D9DCBFCAA457534F19D5B7B74E4B534DAAA898FDC2DD45E6563F3D711A1D0A6EEC40F25A5D7E5663C6C0AAED5E4EB6C2DE489BCD54FF00D50AEC57DD3DADCB1237F2EBE6A1AA607C47DE6DBBF25A9C3F6D612BA150E516DA8096655A187FE215E090A4193DD2A2441D9795E02579E205EF1A0F7542E7C4420F24DFEFB251BB2F50AABB9497651559B210A2B54EC6BF3FA28EE6BC42854751AF5DBA108D4961BBA7753BA10A6AE7E1854ECA5B297E63E8842A89AD8F2CEC159B13FE114215D73A5A8BF86DFED0A17FF28799FA210905850842C63D4DAA9084621EB152739FF04FF704216A7A51D2CDFD50844178B7F44E18842D1DB39AE9884205108420FFD9);
INSERT INTO `user` VALUES ('1002', '1', 'Aimee Robinson', '33417ABD8AB740F098A1718DB8B5DF707BDFD1243E906CA70CEFDACE312BCF27', 'AimeeARobinson@fleckens.hu', '653 Maple Lane', 0xFFD8FFE000104A46494600010100000100010000FFDB00840009060713131215131213151515151715181818161817171518171D171718151717181A1D2820181A251D171822312125292B2E2E2E171F3338332D37282D2E2B010A0A0A0E0D0E1A10101B2D251F252F2D2D2F2D2D2D2D2D2D2D2D2D2D2D2D2D2D2D2D2D2D2D2D2D2D2D2D2D2D2D2D2D2D2D2D2D2D2D2D2D2D2D2D2D2D2D2D2D2DFFC000110800FB00C903012200021101031101FFC4001B00000105010100000000000000000000000400010203050607FFC4003F1000010302030506050205030207000000010002110321041231054151617106228191B1F01332A1C1D142E107145262F123728292B215173343A2C2E2FFC400190100020301000000000000000000000000010300020405FFC4002B110002020202020200040701000000000000010211032112310441135122326191427181B1C1D1F005FFDA000C03010002110311003F00F5D4E13270926512492480449D2494B20E9C26491B20E92492841D24931729641D3A15F8E6098931AC0B7FD46DF55998BED6E1A918A8F00F0CF48BBCB3CA161A66E84A172BFF00983822603DE4F2683E85154BB5F8477FEE81FEE05BFF007429C90783FA3A084CB269768B0CE36ACC3D0CFA2BFF00F17A1BEAB07531EA87244E2FE83D3054B310D3A381F1530F46C144D2848275083274920A10413A64F2A04A42749240A893A64EA584492492964A1D24A52952C83A8BEA01AFE7C86F42ED2DA54E8B735431C00F98F203D85E73B7FB5B51F203B2B4C8CAD9D3813A9D3A1E0AAE55A190C4E4765B57B514A948CC011B877DDF421A0F53E0B8ADB1DB92EB3330E65E648E05AD86C782E5AB075432E740E03F3C3E8ABC8C6E824F137F155B34AC3141071952AFCC1D9776773E3FE2D27D0281C83734F503D1095B191A99E4A8F8AE378CA38C5FC0208B683DD5783A0706881F41EA8735DA37202A57E04B8F333FB7AAA8BCF18E9C15E930336296320CB491D2C7E856AD0ED1D461B39D7E867FFB15C9D1AE66E43B85AE3C91D429136FD2771BEFDC555A444ECEB70FDA57706C93A80E63B76AE0493E20AE836676D03605590DD248F236B1F269E4579F328444C81D3D24CA3E8B1AEB022458CEB7E2025B9A897F8948F69C1E25B51A1CD2082241088CCBC8F636DCA982260134C982C32430EE708BE53F495E85D9BDBEDC5532E8CAF6187B75E6D734EF691A742991C8999726170375328B4A9AB8A193A4994015274C9D020924925083A4924A04750A8E81F9F7E3E0A6B9DEDB6D7FE5F0F2DF9DE4B59D62EEF004F890837A0C55BA382ED36D87D5AAE136981CF889DC07AAC00E19A3E677D1A3D3D15D91DA0B1B171D437901C61095C03DD6C86EFE24EF2E3F649B3A318E86AF8BDC0C9FED1F74196B9C65C7EF7F4FA157B58069E24FCBFF00E8AA5F88DCC92EFEADFE0377408A97D078FD8AA06D3B9D7708FB7BF043125FF3181C06FEBC7D1499862499D7EDBD58EA24BB20BC6BAF94A29ECAD035F468B693F8E2AFA786812E303DF0578A710D68971F2F1FED55BD85C60778CEA779E31C06E1F956E4A89C195BF1407CA20713AF50A742B1D7CFF7949F85836BBB9EE4C30AE0A734D0383B367038A8B3B290624652E46B708C9FF4DFA5CB1F3960FF004B8DDBD64AE75822419E1FE16B6CBC30B01DE76E0E30D1D4EF489C695D8FC726F46E546BAD6CEC9D7FA6E2C4D818E3F70B4BB2388F8589022010E638720641F03F45CF63F693A8BE3287388F9893F0C72038F5FAAD0ECFE29CFA82A1BDE01BC937B011EFC9223CA2AD0EC8A32FC2CF5962B4159BB3F1EDA9F29BDAD2382D16ADEA5671671E2E8924924AC50A53A6490B20E9264EA1049C264E1020EBCB3B6FB40D5C4B80F928CB5BC27F5BBC4DBA00BD3EAD50D05C74024F85CAF14AD880F73DEEB871303A9933C3F74B9B3478F1B760759E4B63E56EAE3C4FDFDF44055AC05A0F41A9FF0071E1CB4EA8AC539CE37D058003E8155470727BD6FED173E27778A527F67438FA40618FA860F90F9475E3E9D5122986F75B73BC8D4F21C05B544626BB5832B0124DADA93D4FBFB566A10030019CF0166F0D77E9037A96C9C510634CE56FCDCB41CCFD3E9C54EA5314DB95B727CDC7433CB8F9715A34680A4CBDDC753BCF4F7C4F14096C92E3E3C86E68E5F695553B7A2FC2815B488100CBDF691BB8C70007AA3598714DB02EE3EC955E12A5CBCF41EF9AD0C2D024E676A549CE8B63859451C1C5CEBEFCD4EA53004947D4780250D4A966399DA0D070FDD2B97B639C12E8CDA7862F75BC4FD82DDC0E04B47745D5D87A206811AD740B79A5E4CD27A448618C76CC1C6ECD73DDDE2649D64AEA30BB2C0A418090480096C668DE27872EA86D9F87CEFF0088ED059B3EA57479204F9FECA939C9D25E89C5277F6636CEC1BA8BAC65BA8075E7F9FF000BB6D9D8C9001B8E7723913BC735CEB05CC1BB6EB5B679887016D63FEE11E44752B660CB7A3079389767412928533BBDC29FBD56B4ECE6C953284934A528028904934A52A12870A41442414B09CD7F1071DF0B0A40306A1C9FF1D5DF4197A38AF34A34CE59D0BBE835F3DFEC2EBBF8A157354A1486E6971FF93B2CF934AE42B4D4B030C16B0B9FCA4E466FF1A1AD02E2712D6F75B7E9F9D4F879A8DC0BC49F003947AFF99B1FB3DB4C17805CEDD98CDD0D837BDC65CD0398FAFE3FC25DA6B46BA69EC78C833BAEE36128BD938789A8FD7513ADE4171EB703C50D4DB9DE26C01F10168868D3CFCA00F28F25494B545E11560F8A79A8EE43D7F3E883C53FF4B771FAEF3E5F40AFC657896B2DC4F0DD03DF25461B0C4981E7B8375F33AFB2AD0A4AD827B7A09C061263701E7FE7DEF2B49CF0D55B2A31A001EF9F34AA98DD2E3BB8754A936D8D551422D26255CDDCA8A200F99D277F1FD91949A4E961EF7A5CB4323B2FA5CD14DA25DA886FAF5E4A386A23F75A54DB165449B659E8BF03496C9A3DC3C566E005FDF15B83408DF111919CFD0AC0B8F39F43EFC16AECE7C3790267D07D9618A70F24686411BAFAFE16CE129C081FDDE6DBDFFF008F92B78AF62BC95A3770EEBFBF145AA30ADB02885D35D1C79BD82CA4A32902A15A27294A84A7944944E5382A09C2A928F32FE2262231BD28B63A77CFA958B80C3C0637706827A9EF3BEA56A7F16E99657A7507EAA7F40E83EA1074DF0C046F0DFF00B447AACF9968EC783FE0B5CCBC1032EF940623011396C0A7AC0BF8C2D36890B25F1E8DD24998630F97E5F127DE8A9A95ED0DF177F8FF0025696368CDB5E4866E04B8CBAC3804C525DB17F1FD19F87A05E794F9FBF7BE75D9840009EB035279F157329868B595751F1BFC77F40A39B6F459412135C04E5001DE758F1DE506EA65DA1239FEA3E3BBA051ACE71FED68D1A20B8FDA5095B68D468EEB00D6C4F795A316FA292704B64998334A5D2E79DCD1F73F8456CEDACE2E8A8D0398B42030DB54BA3330B7ED694630B5DBAEAD2BEA48AC127B833ABC1D50AE7579740D2561E0EA102110D796959EDA63F8D9D66CED56C55B095E7C76FBE9E8DD3AAE87676DBF8D4B812082381D01BA5CDCAADA1328EC76621A1C0EE9FDD696058ED0EA5D1E2402573F84EFD46B635741E8089FA02BB1D974CB89A877B9C47895A3C3855B337973A359822C9D453E6E6BA0725A04948150053E640344E5295094A5125164A902AB94B3201A38FF00E296CEF8987654025D4DD1FF00176BF503CD7298221F49A2644013CDA23EB0BA9FE23ED1229B6836DF13BCE3FDA377A79AF35D9BB65B49E58FF91C75E0749FCFEC9338392D1BFC4C8A0D5FB3A17D02D6EB28AC2B81688D207D2CA59A45B4DC9A9AC52675472D502C53715592A8128AAC3D7AAA8D03BCA2F328CABA6402761F828BE9F113E28E2D553D89D14519935B06091032C19B7E15ECA5710119F0D4C361193F45144BB04DB8952ED3ED134EAE4636C18D713126E250EC7C145F68306E7B9950373034DA0C6B690744B718DA6C6BBF46160F6CB5EF824EB111BFA2EDB6716E4CD688DDEFC1626C9ECE53A809FD4E817B9171313BED0B4717847D22CA339892093A49717060E67BAE3E13C12F228CDD405A934BF19A7D98C297B9D50EE96B7FDE7E63E17F05DAD1A61A001A010101B1F0629B1A068018DDA9973BA93E4239AD1CCB7E38718D1C6CF3E7263CA7CC54253E6E5EFCD304D004A7CCAA053E656216CA52AA053CA842D053B9D024EE55B4ACBED46D1A5470EFF8AE82F6BDAD6CB8173A0C096DC098EF5A275083E82959E73DB8ED00C43F3523DC60735A7FAAE25C391811D179FB0E6A801E375BE40222200B2C02D8AC386BF95782A43DAE8F40C048A4D00E8215D86A8E2E33A420F665696C23972E7DB3AF8DDC5044A8B828B5C9C94B1844A8429148281128B8A9172A1E5322C0C67D54A0AA6AB5098A63CFEB2D1FDB6F3565D964951A599767B270F9F0E0EF06DF495C1ECEC23DF604BA04C9D74D2DA95DC6C2AA69B58D735CDCD3676BE49796692A2928BAB468E170C274BAD1A5B3DA6A0AAFEF102183737FA9DCC9D3A0545275D6930C0099E2462DB691CFF2A6D22ECC96655E751CCB7D1CF2E94D9957992CCA128033A70E54072982AC54B41530AA695C7EDFEDFD3A4E2CA0D155C2C5E4FF00A60F28BBFCC0EAA056CEA36DED7661691AAFBEE6B77B9DB872E6BC6B6CED8AB88ACF7D43248816B34681A06E4B6B6DEAD893355E4C5DA346B78E568D3D5653889452F6C6C5507619D3E33E71ECACADA1DD70E20FE11D86AB7007E2E341EA9B18C9BC48378DCAA9D31BDA34F63D75B65CB94D95520C2E9293ECB1668D33778F3D05537A9E6400AB055EDA890D1A517CA72551994C390A2ED09C506FC5343B2C89DE8B2565E2F64B1E73443B88307A14D824FB2AD849C5338A7C362299700F982B2C6CD2C3ACDF7DFC014752C007026E072BDD5E4920C537E8EBFB33840C7120822D04705B78E82F6F25E79B2369D5A2F97CB593679B0FAFA2EEB0D8D65787B0831BC69A2C59A2C33834D3669605B2790BAD3CC85C2332B7ADFF000AECCBA5E2E2E18D59C5F2B2729FF22CCC96655E64D996933166652954E64B32944016B94DAE586DC5142E3B6FB696B24F01F726C131C2BB12A77A443B7FB73E152F82C743AA03988D453D20737191D015E5F5B2EB07CFF65D16D5C436BD6356A35C6C21B9A190040BC0251184C453DD429F8013E645D5768D518E8E4DA37848D35D8557507D9D440E6041F405656276231D270EFB8D5AE27EF71E2AB65DC68C32777D798B82893524478F8FEA1E687A8C20E57021C371D7FC730A14DE0181BEE3A8D44F4F451A2C9D68B59620F05BB81AE0817584FBC11C07BF5576031195D074293921CA23B14E99BF5E9CDC2AA9D72355731F2151569AC8BE99BD7D8553ACAF6B965B1C4221B59071189D860D5390AA6BD4E9941128AEA2B70551CD31163C5118560242E830DB35AE22CA49B5D054A837094DAFA258FA6D837BDEF109B61ECD6D205ADF9666E8AF8794704054C71D1BA7AAAF8D827967BEBD98BC9F2638A2FED9BFF1537C5580318E4BF9C2BB3F1B4713E446FF00C44BE22C038C297F3854E0C9F223A0F8813FC41C573FFCE14FFCE153807E4461ED1DA029B6C7BDE9CCAE4F118A924937DE4DDC7C4E9E0A8AD8971993FB1F64A1A546EF6C7431282D049AFEE028BB1246FF00AF9A173270E1BBC50188DCD978B2438E62401046BEBEFAAD0C365273308244822208E44082B030959CD1DD8B9D0DE7BA4C71F257B36930C6661691A398608E965972C257A36629C78D48D2DA5806571044386847CC3A1FB2E371545F49C5AFD5B7062CE1C7ED0BB3C36358FF00D609DC48CAEF1DDE2A8DB9B30566C68F896BB9EF1CE607B855C799C5F1997C982328F281C8E7E1A1B8DF64C0CAA1AE896BACE69323EDF7F153CE2202D4D18ECDFD938CCDDD3A8FA85A8572386AC41041D3DDD7574C180788042C59E1C5DA37F8D3E4A9FA20F626856E529D8126CD543532AC0F45E1300EA9A0467FE05C2A0B1830260F0D75460B9CB8C7B17972AC51E52D201C3D68372BA4D8F892E323459ADD8637BCF808FBA3E8D2C8DCADB0FAA7BF0724B5D18A7FFA985275BFE817B431798E506DBF99FC20E148353C2EA62C51C71E28E0E5CF2C92E4C6494835342BB156C4534A9654D950A0D8924E1A9655283C8F2F3526FBBF78D77714E42ADAF04C016020469207D78F805738DC817222780E5CCE96F3858ECECD58D1E4A914E74F7C08B8855BB15EF4F2FF00291C434EA01EA01BF92257886B29776664B4C800827E53B9198787D9E03BA8EF798599431B96E2D1C8442BC553334DD9795A0F28855946C64654155764824FC2765226C4DAC788D3C7CD0D4F6B55A2EC95418E07CC11F95ABB3EB977CEDBC1199A60DF7C69AC6E45E3B014EA3723F8776751C0CEBC16773A752D9B231B5CA1A399DBB41B547F3147BD03BED1AC6F31EE2563B6073FC237194AAE12AEB617046842BB138665661AD4441683F129F01A97B470E21698BA4BE8CF28DF4B66732A05D3F66B1A09F84FFF0089E7C1724E670FA2230F58B082351A21971F38D15C59384B923D1DF82E0A9A38525D10B4363D6388A02A3413B9D17876F5AFB3F077D2EB8B29B8DA7D9D8528B5C80F178D661698CC435CFEEB278C5C98DC163E1F6A3A9193DE63DEE241325A21B0E611F336E38DE7C399DABB54E26AB9D50770F75A27E401D620FF005412677CA6C15734DC6855334DEDCCD7706DE48E0645C72E0B7F8F89E2577B316671C97192B47A5E1710DA825A66C091BC4E92372B4B170F85DA0DC2622917D4CC2AD3105B25B90771A1D22C65A742458F113DE074DC686FD4715D4C537254FB381E4E08E3771E8A3E1A62C5710A24269968A83548352012501D120C48D34C0952BA9B2C40314BE1A90A654BE1A161A3C7293A34DD7F1D7EC7C95B45E0805BA1FBFCC7A9D5534DDDF683FAA7F1EFFCAA3095209675585AB4775551756A5AFAA0EA5147E651851480D57465B8429B310518EA0D7696D6DB9095B0A46BF44C4CAB68D4D95B6721BE9BE79AEB5B599886771C03A2CBCDDD4E3DD95B87DA0FA664184AC9814F6BB1D8B238EBD1D6622BB5C4E1F12CB71DED3C415875F0D5305543C7798EF95DB88DED3C0AD8A1B529625A1B5ACED1AE1F30E4388E5E8ADA74FE1CD0C4454A2F1DD76E3A447F4B87B9548B70D3FDBFD0EFCFD183B630ED6B9B52881F0AAC90468D70F99A3872EBC908D20ADEA5B34B7E2E0DC73078F8941C74245C743FA48E6B9AA6F3BEDEF44F83B32E6835B3D2BF8698982EA7319AFE22FF0095ABDB8ED51A21D87A266AB9A33BB50C6BB70E2E23CA5721D8EC5E5220E5322F3C6C622FE289EDD500DAD49FA66A507AB0993E4E1E4B14B1279DB63E2DFC699CCE1CB408BC7EE7D16C0C18AB418E69EF53244C5C076B237C11E44AC902DA8F5D6CBA9EC9E13E6060B5EC0623421D6F1047A27CDD2B0436DA66DED0ECB53AF84A348C32A53682D781A1377B637B493A7100ADEC251C94D8C927235AD93A9811255CE6260B7C62924706736ED3FB1F2A6CA94A44AB0B1DB4C291A615529C38A1B0E8B400A05C140BCAA5F285002C38296608112A52A710D9E2B87A9DE681B9DD77A5561B50F5F7654D2396A09E289C7B7BD2B2FB3B97A2DCDEFDF54CDABC5353323A21DC60AAD7A022F23BD2B4700E63BBAFE770B3A8BE568ECAA12E772693EFDEE424E90631B744F11B0E44B08772B02B1713812090410B48ED473091CFF0B6286369D6680F1ACF51D0AAF39C3BDA2FC232EB4710E616EF5BFB1B6E08F87540730802FA471FAA3368767A44D3BF2DFF00BAE631540B0E8445A1314A19503F16367A13F099A902C398D321F48EF91AB09E6047582B8DED053CB88716FC95436AB7A3C49FAE6F247F6576E963C31DA13F84476D5A28FC17B44E6F88D6BB5CAD0ECE206F70CF027825634E1938B1F3719E3B32B0B8F18674B866A9021A6C04E85DE074F4DFD33EAFF3D4416BBFD4A6090244E63F33638380041DC4735CAE2F07F130D4EA821CF697B099B98EF099E327E9C501B3316E63A584B4EA9D2C6A5B5DA10A7C75E8D07122CEEE91A8362D3BC11B8AEDBB19533173AF0001724F1F2D57378DA8312CF8A5B159825F0077D8379DF205E780E41741FC3DBE6FF733D74F14BC9F94B4752FD0EF4855928A7C21EA382DC99C063B6148B50FF112F8CA3B068BE12C8AA6BC29B5C86C8273120D53CC994B0D11C812CA14932164A3C16B18778F245E23BCC0478AA368D3EF1F76BAB702F9691E4B3BE933B7FA11C03EE47BF7AA8E29B07D1541D95FE48BC60B5BDFB0A74C12882D2AB056D61F1591CD7800DA0F4D5603C8846E0EB48CBEE509C4317A3576C601AE6FC6A5769F98703CD63D0AA5A626E16D6C3C58638B1E7B8F10794ACDDAB8234DE41BF311045E08E47ECAB07FC2CB496948D9D93B50DA4EF5AF53034EB8399A2635DFC8CEF5C250AF1025769D99C683DD2772467C6E2B944761C8A4F83E8E271F8634AA16F027A5975B806B31986F8350F787CAEBF75D7CAEE6371E5E0B07B4987736ABC387EA2470209907C94FB398DC8FF24F9DCA0A4BB42E2D466D3E8C6AB87731EEA4E195EC71B1D0387A841FC479706E874816F45D576EA88F894EB8D2A360FF00B9B001FF00A4B7C964E0F0A2B581FF005003034CC2349E3C13E19138A90BCB8DA95216CAA45B5E8C8825ECBF105C01EBBC2EDFF870E01CE136967AD8FBE2B8ED9BFF00A987A641CCCAA266C41CEDB1F25D4F60AB8F883892D3C8899FA1829797AFFBEC90EBF7FEC7A438954B9A5105AAB2D2B61C30773137C2571694D94A960A2002B1A544B52557345E38E52E9161A8A0EAC9A0264B7917A1F1F1FED8B393BD37894C528486D9AA308A55478C6288735AEE2079A1B0461C14B087B8E1C0B7EBAA8C5C787DD1EAD1B125D9763C5E777BBFD15C0E6A7D1518A32DBFBD54B671B3BC3EE83E809A60875F7EF7260E21C214DFA91D5270827A94C17741C2A822DEFF00C2D2C3621B55A295537B96BE2EDFC85874444C6E2615CFB1F1096E236EB6363306EA4FC8E1047911C41DE115B3B1669904725BA698A986978CC5B05A4EA25D06FD173405C7820A5C96C8E293B4755B670E315473B2EF60D37B86B97AEF0B8CC3BC075A4415D3F672A9CD126247A1599DACA4198976500486B8C7120127CD53169B80D92E51E668ED5A5F1B0248B9A4E0EB70BB5D1FF50F25C9D07161046E5DDF66D81D45E1C2410411C412D07D4AE2CB45BA7D8ABE17DC45E7E9491D5ECCA74F105B54826B5212D82007B85DA1DC6E070DC2555D8DAAE15323E5BDF64936707078EE9EA6DD503D97AA43DB077C782EAB114C3768D3CA23E2536B9FFDCEE3D7BA3C951BE2DC43F9A2A47A11855B8267950256E48E049ED8E48433DC49E4AD7A810953D1A704135C8806A784E98A559A2862A24A77283906CB24294D29275027FFD9);
INSERT INTO `user` VALUES ('1003', '1', 'Monica Dixon', '33417ABD8AB740F098A1718DB8B5DF707BDFD1243E906CA70CEFDACE312BCF27', 'MonicaMDixon@fleckens.hu', '295 Rocky Road', 0xFFD8FFE000104A46494600010100000100010000FFDB00840009060712121215121210151515151515151516151515151515151515181619151515181D2820181A251D151521312125292B2E2E2E171F3338332D37282D2E2B010A0A0A0E0D0E1A1010182D251F252D2D2D2D2D2D2D2D2D2D2D2D2D2D2D2D2D2D2D2D2D2D2D2D2D2D2D2D2D2D2D2D2D2D2D2D2D2D2D2D2D2D2D2D2D2D2D2D2B2DFFC0001108011300B703012200021101031101FFC4001C0000010403010000000000000000000000030001020405060708FFC4003F1000010302030505060405030403000000010002110321041231050641516122718191A1071332B1C1F0142342726282D1E1F192A2B324335273081525FFC4001A010003010101010000000000000000000000010203040506FFC40023110100030002020203010101000000000000010211032112312241041351614232FFDA000C03010002110311003F00E8F952CA8B09A1766B9B0384A14F2A7CA9E9E045A9B2A2E54B2A34B012D50CAACE54C189E960018964564312C88F22C55F76A258AD96281623462A1628962B458A058AB538AF95316A316A62D40572D502D560B540B538918016A8B9A8C4289099005AA242390A0426905C13223824986CD0965450D4F95726BA701CA9A11B2A5951A781654B2A2E54F951A580E4526B13E2AB32931D52A38318C12E738C003995C937AFDA5D5AB9A96101A74F4F7A6D55C3F847E81EBDCA66F8714D745DB5BC585C20FCFACD69E0C1DA79EE68BF15A0ED7F6B2731186C38CBC1D5499EFCA3FAAE6D55C5C4B9C4B9C4C924C92799250F2289BCB48A436EAFED3F1E4F64D26F40C9F9944C2FB54C6B48351945EDE2034B0F9C95A516213823CE4FC63F8EC9B2BDA9E0EA40ACD7D177323333FD4DFA80B74C2E269D5687D37B5ED224169047985E622164F606F0E2304FCD46A189ED309391FDE39F50B4AF2FF59DB8FF008F4696A816AC1EEA6F961F1C21A725503B54DD123A8E63AAD89CC5B44B198C56704321587350CB53200850211CB5408551240B828108CE0864269905C12522124C9B706A5951404B2AE17683952CA8D9534200595386A2655A4FB51DE4FC350FC3D33156B03246ACA5A13DE741E294CE1C5765A4FB4DDE9FC555FC3D17FE453378D2AD41FABAB4683CF92D1B22B2DA7C12CAA1A62AE44C69AB5EEC4A62D4CF14DEC555DC5645EC552A36104A44A67044CAA4F62081C3621F49EDA8C716BDA65AE06082BBC7B3DDF16E3E9E47C0AF4C0CE398D330E8B83382B1B1B6A54C2D6656A67B4C3313F10E2D3D0ABA5B117AEBD3AF6A1382ABBB7B6A9E370ECAF4F476A38B48B1055E785D312E6985770502115C10DCA92110A04229512A88170493B924D2DCDAC52C88C1A9F2AF3B5DF8ACE628C2B45A86E6222495317886D2A6FAAF30CA6D2F71E8D12BCF3B77683F155EA577EAF71206B95BA35A3A0101758F6AFB44B30ECC3B75AC733FF630831E2E8F22B927BA4BDCB4AC74AC29C04D955D7D3427D3558D150B1270B2386AA38F770414AAD6C60D00F140352EA0F6A8812211A99844BAE8A0D957A82EA54DC94A743A8D42A8D9566ADD570826DFECBF798E131229547114AA90D23835E4800C7A2EF4EB895E51AC388FF0BD1BECBB6A7E3702C739D2FA7F96FE72DD0F942DA97C8ED95EBB3D334F4171594C4ECF204832A9370AE3C16D17AFF58CD654DCE502E56EBE0C8549E215D6627D226261071492C9292BD84F6E8292492F2DE812684E99CE8127820390FB45AFEF716FBDA986D31E173EA4AD40515B66D8A799EF7BB5738B8F899582ACD011C53AEA9E3C8507D355EA2B95952ACB6B7A44CABBDF0B135DD24ABD8A7DA39AA0E6ACE6456355DE105C1597356DBBA9BA26A015AA8ECF06F3EF58DF922B1B2DA9C3379C68D5991C350A0C5D737A375D95E886D30D65464963B41FB5D034238F0895CB71B82A945C595185A678E8638B4E8477238B9A2F1FEB2FC8FC7B714FF9FD563D105E15842785B39822BA5FB01DAA598CA98573BB35585ED1FC74FF00AB4FA2E652B2FBA1B53F0D8EC3623836AB737ED71CAEF471F2407AC8B40298B029B8C80471BA835A549A3570C1C163F13B201D1669AD4CE4E2F31E8A6B13ED836ECE03549655E132AFD925E10B8924928512A5B66AE5A2F3C4B607F3595D582DE9C4E56B5BCE4FD07D54DE72A75F6E7BB4A5606B35677695505616AF42AF8BD3A6D3F154A8D58BC6D58595C4582D7718F2495AD99482FBA66D29417D42B31BBB9738754692384693D4AE6E4D88D6FC59338CEEC2DD18FCDAC2C2E1BF5EAB7E345AC6000465CBA75812A89C635D4C0BCB886C7112635E2A78DC68120684023EFC979D6B4CCF6F4AB588F43E2D800FBF0FAF9AD7B6EECF656A658EE3716D0A1ED2DE30D6DE781F3E16EEF55AA6277AAA1272168F0379E053AD26676137E6AD6325ABED8D95570EE3225B363C0AC60AC0F45B6336AD473A1F10798ECC772D7B6BD0617120013CA75EA3EF55DDC779F56797CB4AFBAA95413741371095279B83AA4FD7BC2DDCEF557B32DB1F8BD9B87AA4CB833DDBF9E6A7D83EA27C56D402E19FFC75DB643F118371B102BB07510C7FA64F55DC8951264E7203EA26A8F407390042F495773D24C32E9249208969DBE3525F1C5AD1EB27EAB715CBF7CF1C5B8BAA274C83FD8D59F26E74711AD7B1F5A1635D515AC73C384AC417DD3E2B3598EB07C5BEDE0B09500E255FC4D55877C9256D33B09FB10D5A6350AC612AB09882D3C081A77AAB4306E7102D7B715BAECAD88D7546B9E4348168079F7DF8AE6E5C8FB75F0794FB8E85DDEA555D95B160641E8AC6F4B9D485802235EFE8B61395AFEC802070D3C16BFBDD573D27772E0F767A1113E2E6B8DC73AA1B9FE8AE6C91459DBACC24580199AD9279349CC7C959DD9C032A39CC73B2BA673712CE2072EF5BAE3765D3752A4C0053F74FCE1CC69398C653379278CF45D3B5DF19E9C36ADFC7CAB1B2D5EA6D0C1D5EC8A507C01F2172B59DB34580760C8EBAADAAB6EFD1691F1434180D0ED4CDCB9C7A9F45AA6D76647B9A1A4B5C2066BB871906D3C5556237E32CAD37F1DBD71ADB9F0E9477855EBB60A393607A2EB871CAFEE9EDB7607194B10D24647F6C73A66CF11DD3E202F5CD3AE1CD0E0410E008234208990BC5CE5E8DF635BC2713806D37925F873EE893C5BAB2FC7B303C1130225BFBDC80F726A8F55EA544B026E7A4AABEA264F036A4924D2903AE2FED06B463EB0FD9FF001B17685C2BDA154FFAFC47EE6FFC6D4A5A5218915ED7D101FAA01A964D4EA754BC724E41C4BEE83459C54F15A941A35157D6A693F25FC23897B40D490078AEA385C132953989746A7E8B46DC9D966AD5F787E167A95D0B1B4FB2B839EDDE43D7E0AF5B2C53AADE2755ADEF338861EAB60A2DCC5036DECF395CD23D058ACA3FF5AE9FF9C738D995CB2A070D5A41EF1C4792E914DB99A1EC710489B75E9A2E664FBBAA274982BA36CF19580832D8B11C42DBF23AC972F046EAB62F0D887D8550045C860985AB6D3D841A331739E66E5DA83E0B7C35C79AD7F6C6A64D8ACB8EF3A7CBC5131DB97EDDA21AFF009AAAFD00E9F357F6F5EAC75546BF15EAD3D43C5BF56955A81749F613B58D3C654A04F66B53902FF1D33223F94BBC9738A8B35B8B8E3436861AA027FEEB5A63954EC1F0ED273050F50D472ACF28AF407A4613DC928B924C9B921929DCF432F592850579E37A3122A62AB3DBA174DF5D003C4F1057A103979A31CF3EF1F3AE67CF7E7329C7B5D432FB78A66390E754A99E298B07887A8D1612401A9B05571553B4B64DC8C18AD8861768CED9F0D3D545EDE35957057CACE9BB0B00CC3506B638027A93ACA1ED0AE7297130D989F09FA22626B6737203475B9E8150DB7B5A8B1858E6E669119787F9B2F37DCBD9F50C7ECEDE4A02AE50E12395E3BD0B6E6DE6369BF2905DC3C78AC56CCDA3860720A21AD7FEA1770E57E27D02C26DDC1B8CD4A2E0F69241BC16C45883DEBA6B489973DF9E6B138C753A8DA998B8DA1C7F9A3B2073931E13C96CFB93B5B5C3BCC8D587E8B48A942A3751D6DF7DCB29B270D53335EC22D79EED6CB4E7A478B0FC7E59F2743C730B6EB01B66A4B09E9F21FD96C6310CACC83F145C7D568FBC15CB1DEEFF00F2B0FBF05C7C51B6C76735F2BAD1F14F26ACF5FAA0D6D52A939BC516AB6EBD9887CFDADDA9BC2549E5A439BAB4870EF06422556A8B1A9CC0897ABB09891569B2A3747B5AE1DCE00A4F58BDCBAB9B67E11D33FF004F4A7BC3003F259572CDA02E092771493267BDEA715151F78A6DA8A315ABEC7AF35ED5A9356ABB9D5A87CDE4AF4535EBCD758CE6EF9F54BED75F494A669B143A4E48714E0E543126E56CBB9F892C2E70888CBD675B7915ABE30DD64F62680CF123CA0FD563CF1F15705B2EDD6A6D6379712780D04F2EE9F971D061F1F8B75569B1E049B72D1BDE7EE1526D0AB56CD8B9200E67EFE6AFBB76B1594019664123311E76BE8173D323DBBA6392F190C761F12C07358102DC41B8FEEABE0F10D05E5CE396411D75D7BC4AC833762B8395F4DD1AC372C6BA6BD0ABB8AD915053F74DC2BAE673003308FE29B2D3F6563A4C7E272CF72D66AE2731274D00E03BFBA2C8BB331418082483368E11CFD7EE1645FBAB5F8B03603BE22D1A0B83966EB078AC1D56BA1CD8D6E2FC79ABDADA318DB87938E7661B0336C09696C48078C1E658E3C4133075958BDE3C5E77B39B45E34E87C41087B2F0A4BE0F1304F2EBD7AF7AC7E288249B831F4FBF445291E4CF939262BDB1F8868CDE28B9640F54375D1418B102EBB21E65A76556A0510116A8436A2444F4F44FB3C74ECDC2F4A4079121675C56B5ECCCFF00F9B4249D1DAFEF768B637950E9D0DE5328BCA480BC1CA6D7203511A835A63979C6AEA57A3289BAF3AE3ED51DFB9DF32A27DAEBE9569BA1125567EA515AE9099EA9E305BB95CDDFA9723A823BF4854F11A151D8F51C09CB322E6394447CD4F246D4A939674DDD2635AD2E91234B8E06F71A2CF3F685398718FE2E1CF5E0B9DE031EE630347EA00F88123C27E4AF8AC726636B88244DCDC99E512179F6AE59EB71F27C631BBD4DA34DA3E3075EFF0030AAFF00F7F405F38BDC588E5C573EC763C09024974C7200F48971303C104D49689BE5209E9371E6091E5C95C50E7F2ED1D6372C6E3DAE9BF0D0F4E9F7AAC1626A82336B7008E40E968D20158DC3543D2D7F1E763FD920F398CDE278199B1BF312255457197273DAFEC5C455C8D968170EBD8FC44007CACB5EC4E1DCDBC59C35E104ABF9E3B27482D9E22FC7EF82AEF20B1C458E593CA01171D2FE8BA78E3C5E6F3CF93165AA405B5EBD3FCA4DD52AED1DC7D175E3CEDEC3A8821590DB2114A5512F417B3D6C6CEC37FEB9F324FD5671E553DDEA1EEF0B429FFE34983C9A15A7959BAC37A4A0F29261906A98420511A91AB6DBDB34F0741D5EA7080D6CC6779F85A3FAF000AE11B66D55FF00BDFA6973208F3598F69BBC9F89C48A34CFE5509688367D4FD4EEE1194771E6B5DAD5333413ADBD2CA3EF55F5801374A93AE86E75D366BCA65A6ACAAECF8F7A0759D634B993E11E2158AE555C3B66A75827D2113E8BEDB152A808004821C222D208201F4F5EF579B4A0769C6D36B9D4F31E1A2C561DF24092248D00D40127A81DAF12B358F005A243809EF20DC7A9B1E02CB926AEDADF145B499DA71200800585C91EBAF1E8ACFBA1EEDD1C8419D0473E304AC3BDE4089900C3BC8E57F5D08F108B86AD0F326473D0410ED3AE964FC55FB21204B4C8005FBA0F7F7FCD49D5B3870BE667C40924168B6603A6BFE1547D7E3C209B713681FDFF00A27C2553AEA21D7D2C5BCBF9A3C5578F4CE6D1A054199AE3FA844F769F307C5CAB3ABF6409E113CADA7DF4565EECB31C5B9483A107B513C6F94CF458BACFBC759FF1F7C57452361C9CA97BC3D3BF9A1BEA13AA45D64CC1256CE5CFB5826CAE6ED608D7C550A5121D51B3FB41CCEFF682B18E2B7FF647B25CFACEC4E8DA5D81D5CE1703B847FA94DA4AB57612604203DC99F5101D514B7993BDC920BDE9267E4CA35EB09BF3BC1F82C2B9ED3F9953F2E97471065DFCA24F92CBD30B87FB40DBE7178A741FCAA334E98E060F69FE247900A6570D75A55EA6EEC158F055CA2EB425203C470298BA42956D157A6E4C857152C08F89D690444DE2C469D496FF00A7AA09726A0FCA5DC9CDCBAC6A41E3A69E094AA27B66302660C80013949ECDDC2F23520C8E3FA78ACAD5A9DAA64C0CA3422F03290D239EA4F8AD77038901C7B40F8C8E7AE87EFB965AAE2DAEAB9E7B24BC968D5A4B64775DDAF4EA56330D62758CAA62481692E1AFC526C4C0B59A4A032A006E7F4B5A4CDECD89EB746C4D7D6C0CDE0703136E807CBCEB86B5C2735C38DA2D045BCBEF5101FDAE873790B35CD2388204027C9D7EA5030EF3DF0E9EADE51D2DC78A54CF6DCE1263B3316F8808278DF829B28C896E6BF661D04F6B8669BDC6B6884E0A42C7D5249D2492E8EF896DBA0F5EE58FC63C03D9D0806E648B7C3DDFD42254C43735F838991C478F48546B55CC64EAB7AF4C6DD9D8E9B239B59098D81D544157330C2634517D2FC8733C9779DCDD97F84C253A47E2233BF4F8DD723C34F05CC7D9A6C5388C50A8E1F97421C7ABFF0048F99F00BB1BCA8F7DAAB5E8EF7A0B9E939C80F72631273D3AAAE7A49E178B59DF3DF4CCC73293B2B6ED6007B4E31FF71C47C2D1321BC4C4E90B984A62E94CA31ACCE88D2ACB1CAAB4A334A008E36555E8C4A1140443E545E86E394A992808D37969EE8E9E9C7FB2BB85ABA96B8C9F8A449BF1B73245D63AA2B1B331391E0F23A731C945E3AD5D26372579CC0401C812489B8D64CE9C6DD477A00A444F13E82D3C4787F8BED989D90D7D315A9190470E1E0B0B52996936E10B0FD9AEBFD330A6DA86E0F1ED002DA6A6DD0BBC82157C79CA445F3127E42E395EDA5D4EA34CC858CC4ABACEB2B57017BA63A7F527EBE89E90E2A002285BD5CB692714D299C5425398D2C774F679B1FF000F83617087D6FCC70E41C3B23BE23CCAD85EE5A3EE0EFC0AC1B86C4102A000537E82A01FA4F277CD6ED5427E95EC27B905E549E844A648B932729264E100A928B4A750136B94C390254DA5250A4A19727943720CAA89410E45250AA3504938CA1129664C4A64DB773B6EE43EEDC7B2ED4723CD6EEFD8CDA90E817E4B8DB1E5A642DC764FB43AD4A98A6EA2D7E5D0971698F22B8F97826676AEFE1FC9AC572ED8B6AEEAC025A2EB9FED8C11A67B416C38BF691887886D1A4DEFCEEFA85AAED3DA552BBB3D4227480200EE09F1715E27E45CDCFC768F8FB5509172892A04AEA70E1C9493248349AE8BAE9FB95BFC0814318EBE8CAC78F26D4EBFC5E6B9727955A1E907B388D0E88058B91EEA6FCD6C2814DFF9B478349ED307F09E5D1752D91B7F0D8900D3A824FE9367792370668CE6A4ACD5A69209E7A952050B327CCA440B329D0B32935E834C3D2739401099E834A7921B8A794C4F4412242815329901094C02914D2807512E489253654031292784E808C2784F299009249240253A755CDBB5C477122EA09930E91BA1ED0B2814B186401D9AB17B0D1E38F7A4B9C4A4802829D304F2911C2694ED29D208829E522D5094CD2514A52403249924024C9D3201D24C9201249248049924900924C920124924832492491A056A749249293427724920CC144F14C92722114E9D248229249201922924983249D2419924924024C92491124924999249924024924901FFD9);
INSERT INTO `user` VALUES ('1004', '1', 'Robyn Champion', '33417ABD8AB740F098A1718DB8B5DF707BDFD1243E906CA70CEFDACE312BCF27', 'RobynLChampion@fleckens.hu', '2768 Yorkie Lane', 0xFFD8FFE000104A46494600010100000100010000FFDB0084000906071312121512131315161517171A1817181717151718171717181717161818161B1D28201A1A251B1818213121252A2B2E2E2E181F3338332D37282D2E2B010A0A0A0E0D0E1B10101B2D2520262D2D2E2D322D2D2D2D2D2E2D2D2D302D2D2D2D2D2D2F2D2D2D2D2D2D2F2B2D2D2D2D2D352D2D2D2D2D2D2B2F2D2D2D2D2B2DFFC000110800E100E103012200021101031101FFC4001B00000203010101000000000000000000000203000104050607FFC4003D1000010302040208040405030501000000010002110321041231415161051322718191A1F032B1C1D1061442E123526282F11572C2335392A2B224FFC4001A010002030101000000000000000000000001020003040506FFC4003111000202010303010605040300000000000001021103122131044151221381B1C1D1F014236171A15291E1F1323343FFDA000C03010002110311003F00F8B009A188588CB95C249B00A8028AC200242B5140A00B5028AC2806100AD504442614A515A88008A28A2842290AD4850852B6B64F05168187194383AFB88D274BF1FB20DA4AD915BD90B7D2CA78C6BEE55C8364EC2B40776BE5EF444E20C1B46BA0066749039AC7395B3663882D041D23DEC4A8E17300CC7D12DD54DE38DC4FAAB6D6B9D7DFD3EEABA65C53E9D8CDB68BCF1FA2582263DDF92A73E6DACA530A748068AB4FDC03EA829D3B891A0BC78EBEF6454CFC449D3BE6FC7925F5C4F10A53E01B06CAF9741CB69F2F0F54359D79B7CB4E2103841D8FD6508363CD324B920C96F07FFE43ECA2CF9473568D00095610AB0B519D9654515B54010220ADC385C71D15282B22B51580A0A1342B4402A8445B282B5145004521456A1080A8AE1580A00A0A42B56D1713613AF05086AC2BA6644F758F713361AF928691036B9DB8F770D137A81714E5E5A25C44E84C6D6201204F771859AAB5C0DF71A192789307458254E5B1D0C69E9BB2C9194CDB4E3275B7BE2944803F7FA22A6CCC3BB78D797BE2B303792241E1EEFAA890E1D537B7F8B206DCCF8FBE1AA2EB034EC7D6FA5D470D083A26203D4CDC9B25864CDFB934549B1E11B782764CBAEF07CFDFA23A9A034586C9B83313A0D009988BF8ACC197E17E76F05AB0D88CAE0F1AB7D66DA2AFCC5F40601E1B81F616489B436C65F1516CFCD33FED33CD44753F01D2BC9CB0AD40AC05B4C45A2685488282B0885508CAA8518960A6D3620016BA0C450B395200B52885AAA059CA82458215C2B8521018A570AD580A02CA0A42B0A224B2A15156A9421B7A3EB0607CB6640120C409BF32D98900F0B14AB9241F49D795B9E9CD1746522EAAD688B9DC900C5C0983A9036E0BD162FA3C6BA0208B076504DE413ADF61C02C1D4C9427BF73774CD38D1E72E08B186EA0708E60DCFD166CAE9196091711CA47D3E4BA989A65A7B26436C677D0E86CB9F569017CD249BC883C4EFC4EBFE12C6565ED0973789173CED78BF0574DE64C0E238F884F34C349D645C9D0483631FE1677EA6DACFDE014E9D800AC387A5FD532A998BCB80179EE20F7EDE080B0889E13E096E3E9C93A21AD8C1A8B1839B79B99B0E5F25981BAAA6F904236B800675DB8215442FA91C55AAEB9DC55A1B92CCA1142A01585AECC65846D54D51A95CA88958E6AA2A422685225737BEC46B56BA42024B5898E75A13A6512760BCA52252110AD81521142B84096080AC0441AAC84416010851B8A150252A2AD42A0466171069BC3DA60833BF95975DFD26F77644345CDC3773C4C917DBB971E8BA278C591D1ACEB0EFD6F63337F5EF58BA88A93E383774CA959D660CD50670EFED74BA608B1EFB2CB8BE8F7026E045E08CB637823506F1CF8A2BBBB465A0687402D9BB3E327C56BAD88A73D5389BDCB9CE0185C4F6679DE4F2E0B25B4F635F639988C3989B131DA97708CADB1B1BFA2E697DB6235FA2E962AB536E66EAED88F84EB37904F05CB738B8FB85A71F1B88C6B5A08936EEEF4AEB22239CC8D7BD5E60DD47CC7728E2D20C88333BF97BE0AC141AB4F2C18D6FC2C498F92BEB6D6F73AA004ED7E5CD53FB3B4224267510F5AAD1A0594D288F7AA60E2881E22C9ECA1A18498B11F5474992B38E564E6379EBC105C892D9520C05A29B12A8092B59109EFB1926FB00E4A251B8A184E8081570AE1106A81B2804602453AF04B5DB68796C830D8C9B3BC0EDE286A433C72AB46A842E4696E44AD00A0570AA111C8152B854425934868AB63F0F876389CCE8E1AEEAAA308260D9B378D06D3E898C7E7749025D73005A4EA04D8CCDB9A955A4876A2385C1361ECAC0DFA8EAC23B19EA621D025C48D409D34BFA7A0E014AF5C9105A2D1E71A933AFDD03A9971803FC150002C6E391223DDBC936C1A17AC6B6B0FDB6E089B0DE3C479CFDFCD3C39A1B70492E1C23F54C5F865F540F21CED2E64D878ED03C91B0D03D603FA443412373C2E7E8B3337E053DF61EC5D28353212A81CB7EEF55750F2D39FAA60A7F2F7293538FB28A76406FC0289D01452C8678462A1D12E7BD329FF00956141A69B1B1248BED64663684387A64E83CEE9B570CE1F17A68545C98E6D5EEC3C204DA82E8309BA711694DDCCF27EA33B9AA008A1580AC0D8202301401142806CC9D214AD9B71F22B9AE2BAB8FF00823891F7FA2E5062AE5C9BBA66DC0750C496DB51F2EE5B9AF0E120AE4B4A7B65B046FBEC5452A1A7854B75C9BD44346A8777FBD1321589D99249C5D301444E0A9BA8941C53E431935C16DA84472D168A987A9024C4E8D248EEE43B9677724F63DC1A771A6FB11C36FBACB9655C2A66FC18B572ED19B28DF5E4787C92AA322DC60AD2E782636D4DFE8214A824133BC017D236E03455A93EE6BD297065A8EB0D3D6C6C7EA9D85C48683BC9D0920441DBC63C5434AE2D6E5A48B9E5A6C82A531A8DC9B72B6BE68ECF600155F99C78936024F8294AA88CA4790BF7A1DCC0D56973C35A21A6FC74F76D39267E0412D326E72836B83CA7E89245A27DEA9955C66C2397BE7742F02D68B7AF13EF645005FE5DFC0F928996E2DF3511B603345E13434F8A51D568A02E02B2CCF3D959B305880DF88473175B71EE108A880000B2567E63C944ADD9CC7529DA45D0164C79B42AA6DB2909911EEC101100AC05709AC160C2B56A28032E3B4F027C87EEB38C238520F8B1DF877F04FE91368DE3E67F65E998C6B40A4E110D68322CE960311FEE31F59597A8CAE15475FA1C7AA1B9E1DF4CEBF25D1E8AC2B8EB190D9C1DA7EC798BAE8E2B0CCA525AD711311C09B0971DA775D21D11532173DC181A090C671D402F3CF801DEA8C9D4AD3E2CDD0E96726E970706BF4510E77572E683E23EE10125967F9FDD7B5E84C4D2C36200AF4BAC69A6C791240EDB65B2409001FAA1FC4FD1946A13519D90E9232F69B06E20F2F5F55543AD709252EE5793A65389E38A1849C4D0A944DC4B78EDFB1454AB8777F05D684D495A3959304B1B18D171EFFC2EA500DCB048302009311E5C64AE590BABD174DBD592F2209B5F4BDC91BE8478959BAC8D4548D5D04FD4E3EF115B09A16913038EB241123DDD64A549C62E3420DB4D66EB6E231403BB2411046848D2C409B6BE8914EB0F862798178E43B95118CF4DD1B259B1EAD362BA83F149222E6F7F1EF4B73C1991049E62D63A2D62A6786D8340D04C1234992492B30A61CE3DC74E7B7EE9A2FBB04B9490AA83808FAA86A69616DC8DBDFCD69AB4872316F0E32B254D751E5BFB28ADC92A418ACD17824F871BCF14AAAE1B1F7F5281A768D7DE89653A420BCE79790513B20F70A26B44A10D09F87A649E287AAE08A9F309ECCD2BA74741D5EDEF74BA26E565CC75F9C27611F693DC8A91925874C4DB2A00858653404C667B150A22214510B652802B54F70024D804C4251C075D558C027354633B81201FFE82F55D37818AA4D8758EB48FE6240836B0D3D266E399F83B0A4D765475A0BEA00740053CAD2EE798B0F25E9FA55BD65134AA6A0BC091764C4161EF19BC82E1F579D7B655DBE7FE8F49D16171C54F93CE6370A1ADA54812E0EC4536C9D60667FD82EEF4C332D179E43D5C07D579DC6F49B055A024B9CC7BDEE63412E9CA1AC8007294FE95E92C4D4676E8F5748903B4467244B85BFB792A258B249C1BFDF7DBBF6FEC75A19A11C734BC56DFB77F7B3563DB4EA56A8D77672D0A0D0F1B1876A37165C8FE2D27E471396090265AEE05BCB98F14E157356C499D3AB1E4D3F748EB1D60E2221C40D62C342ADC716B6ED4BE02BD3F8657CEFF00132B31CDA805A091394EE0EE38ACD5FA1C3EF4FB2786DFB2D383C2BAAD2A6DCA5CD0D6C5898B0274D375742BBE9822EE66FA6711C46E2FAEBDEB4A6E2DFB37B991F4EDC35B568E2BCD4A472D469F1FA1DD3E9D60E100F87ECBBAFA8DACDBC39A7E9F55C8C5F41B876A949E5B8EE3F75AB17569ED3D8E7E5E893DE02885D2A7429B5B9C9306058B4B818BDAD20F085C8C2B9D98B1F0235CD208EF0B51A45AE22D23DE8AECAE33D93A32E3C73C6EDC6CDAFC20805FD9999D88B800E59277988DBC573E8939AC4C0D7BAC34F25B30F50D984BB2DEC34113A8D01926FCD0623120D9A0003E133DA205A0F02B26A96F13A0A11DA49FF9667C646AD719DF9FBD1656B26E7E602D35298035B98810743CFC3D7C12E9D222ED13B089307EFB8EE5627480E3BEE1B30FD9710038813CA2F9AFB99803BD62E0139E093A6FDFDFEA8200D6FF0034620932756787A8FBA89798F1511A6286C747721AB54CF651E1EAF29EEFB22A86F604780F923DCCD4B5706582741F346C710748E085C637E286ACCEE15846BB1D6C21042D402E7608BAC35EEFBFD9750052CE6665A64095442642129932A4C04AA203DD99DFF4D973C1CE1C7FA47A956F697B8536EA7E23FCADE3DE7409869DA040632607F339BA9E6D69F3777154E6C95E9474BA3C1FFA4BDC757A28BAAD66804B3F86645B47B8C0703632197078F2056BC474C971731DF131D0489CA6D23989D6F3AEA523F0F4B1EF71BE586F3EC5369279DDE53BA1B04E0D7573195F51EC079B4065C70EC39723269D4DB5B24ABDE7A4C38D4A38E3C3777F22FA2E98FCED2B01970B9DC605DD51DBF1B40F05ABF155504306F9E67B811F55C16BDDD75678710016D3196C4868CC46B61A22ACF74B43DC5C0825A620FE9D54785BC919B7C2F95FCCB1E68AC33825DFE7462A15A6A55BC173CC73CA1B6F5F45D8E97C3B58D6068BE5926F26403DC3BBD9C3D0F4C1A358E597BABE56989225CC103BECBA3F88CF62990D2243AE4117868804FD382B272FCD497DEC06DAE93EF8B1FF0086714C14288302C18498009203841DF403C42E4F467574DEFAAE92E0D200DB2EF3E3F35A3A22A1186A45B483A4642E3FA8E524348027426FA0937B95C7E91A4F61737698005C4B4C18E7F43CC26862B9CFB5FD449754E38E296F5F435625A1CF2FA405376ED041691A7680363EFBB760B12330A753B0FE0743DC77F15C2A5534064CD89F8A04D8477DFC5776916E25A18E32472232FDA53668A4A9F1FCA170FE636D73F13A15FA19955B2F10740E163A6C7E8B818AE86AB449781D6B72913796DA0123511E56D974FF00355A8430B85566902338FEDD4FBD174685576B060F1047CD668E4CB8BBDC5FDFB879628C9D354CF274FA518C8610622E5A6D7B99EEB7EC8F021A4CBB4ED1040045848D6D13BFF91D4E95E87A55A5CDECBB9687BC7D570290349E69101D97CA0807BFF52DF8650CB16A3B3EE73F3A9626A52E11754870160083B6BB9F7DC869D531C00FF1AEBA232167C493056F78E30472A39A79655756536ACBC02604C131A20790D7434D81B137EED90E1E91246D3C6DEAB455A19412E1300DB7DA261676D6A3A1155111F917F3F7E2A24663CD44DEA0EC586017944498804DBC10319C3652A51BC8F244A18BAAD854071E09C30E6093FBF92661E98B9B911E3C353E28EA5402F055F2B86E4DB82EE00BCF3DB173001574316468E21325663CF835EE8F409388A9946924D80E24E8165A58F3FAA0A751740EBDC2DA536EE677EF3F2052CE5A5594E1E9A529D3E0D3429E41941EDBBB555E3568D3B3CCFC2D1DE764AEA9CF8C9194168701A31B9A03013AD84F8F348C4572D000BBDDDA77371103C1A2C3C4EE89B8C7358D87973A482D00434016ECE86E4C1E57BACAA2F9FBFBF07655569F077704E8A53065F9DFC203AA380FFD435055E92AA7094A90A4E14C667B5E464CF99C5C5C093A76F58DD62C6F48343039D56A39C756D9A05A34E03B8CFAAE6E33A5338A6C6023237289717132008022DBC6BAA4861E5BEECD12CDC2F0A86B71465CD618177BA499CD607F5007F48F05AA9E17AB3F19717004CB4362E786BA6AB815666FACA3A758CD891B7CCFD55F2C6DAD99429A5D8F4FF84AB7FD36F1C4B5C6DB0A8DDF4FD3E8BD0FE3EE916D4A78568A8D7E4A2E0624E5776644729807785E0B0D8BA8D6860710D04980488275365A0D502EE70F359A587F31C8BDE5D5051F07670DD234DB86A0D690D7B430BDDDB739C5AE790D0DB8A600796988CD13BAC9F9B6190039C5DA9765634EB3601DC4DE1732B62D9FCC4F9A5D1C4871CA01EF2AC706EE4C11CBA7C1B32FE90D6B413CDC67BDC4FC974CD0CAD87E62604027B247300C0F25C3A78AAAE7B9AC0D300F0B0E45C606AB57E5EBD570CF534D466D00D0764414B383EEEBE25B8E5297FC53F91E970B56952635C431B2483240B5B6FD93711F8868024341701B0060F8986AF3BD1B876BDD06D25A09113730BD160FA3283499A64C1805CECD23B85BCC2E7E5C78A2EE76D9B30C724D7A691830DD2DD655C829E590482489B5E200816E6B83F890E4C40771009EEF87E8BB1886369E2A9E56E46CC6B3325CD9EE32173FF18D39731D13120F75BEEB574DA639A3A764D197A98B9629465D9999B06E2E12DF87198BDC6C069B0E6B914AB399201852A5427524F795D8723811E9649ECF63A2EC40D6D1C227BA567C4D52E241D67BBD12A9364192206B7E3EFD530D52FB8D4EC3EDC552F9B37C31C629242FAD3C544EFCABB80FFCD9F7510B43E962836FC3EC89F532DA41F7A725294B8C4E53FD5A79AAAB84194B83AE350444F719BA3B5EE5176553AC4B60C9DC7BE0B4521C20F3916980B3D274767E1D6F26F31C168A609241240DB41DDE361EA84882AAD16DC49711A403A0D5676D32D37175B1EF8ECF681B78EB981F449CB2515274048660E982F6E7F87522761723C9752BF48527412418D3B248E1FB2C781A59C91B96E5079B88688F35D5AB07145A232B3365111AB0327CDDE8B3E49272DFB234E0C5A95FEA97F7FA086749308914DA6E059904CE9F2585F5DCCFD0E05E641120DE6C388BAEC1CADC552CED2E6B6A34B9BFCCD653CEE1C6F2478A3E90A4C656C3660433AB754E7948716F9401E092328AADB957FC17BE9AB56FC3AFE4F355A49EDC892049B6B024CF01F35D8C36168863C871150B8E56B5CD0DCB984020093D924EA0594A8D388C435A262409B35C5A32C9201D4CED7BF25B7A6708CA7F0B0FFD23ABDF21EDCCE2E12ED729608E49A7915A8F0C30C5B49ADD7EBC9E65DF1BA45A637DB9F82D43217B8B440CA48131A01B1DD65A26E2DA5F913C085A296A48BCB1D3D91A91CB41EE15D232C4E8603A185467E61EE73599AF6968B8049333124E83C6562E91C132939A18499999D2C6045976BA2A939F846B469DA11247EB33F25CEE9CA6E0EA6D223B33A46A7F659E195BC8E37E4D73C2A38D3AF07A13D0345E19D53329CADCE5FDA97402ECA0E9267C22DAAE274B61853C48680076341102EF802394735E8A954A9A07B808D837E712B81D3232E21B7D582FDE5EB361C9394DA93ECCD5D46184712715DC57E1FA6D3897E78CB95DA981AB17ABC43F0FD5B9AC2C062C5A244F3700602F2FD04C1F98713A6577C815EA5D94B7B2337F4B6E7849855F57BE45CF08B7A27589F1CB3CCE01C5B508E0E1E8E2BBFF00886BD4A6D0E640B389244C4445B87ECB8550115AA5A0E775B48ED2F55D385EFA5FC313C41ED1169B8BC1DFD9472FFDB06F813136B14D2E4E0FE227F6E8BFC7C8B5DF543D3B433B60E93F49FF008A2E9FC354EA29B9E0E91F0651F0DE0CDEE3805A71A3330738FF00DFB3FF002520F4A8576B40CFEA9CBF549FF0782608B3B4983CB985AE9FF09EEA65AC7DC768F031044F22B3BC4CF1CC4DB9A7BE83B29791610D0763036E203405D893BE4E42D9EC6AC574880E2D14A9F83523339E1E4D3032C58022E48DBBA4A1C43882D8132279F9ADB8478752AAD8CB961C066993B926D361C2D25554A31BA2E5EA953664EA471512B373568D3134990543A1D15E6034D381FBA61A778DB8F04AAA20DA7C55CA99986E792086E87813CEF0AD9890351E77F9ADFD12476184087CE69170013A1DB459584E5064EF6EE13A7A246D5D0EA3683C3D40F738F2E1F2574B0E5E728899B4903C2FF24145E492435B66974E51A08B0B6B71E69959DACB19D9716D8B819BCE8E16EC94AF9D83A0EB741E19C2A861D43C66E59333CFFF002B4E0A8CD7A8F9B3A40BCC92E2E1236F812FF0F639A1E330CD01D9417B849195A0662640B93AEC9B431F05ACEAF216ED0335E0DCEA476ADDEB16452D52FD8DFD352D117FD5665AAF26B3DFC1B572EBAE76D369B7A21AB880EAAE353316329C658321A5C3B204D813509F33090DC6905CE98395836912F738F8C27E071CDEB6ABAA09EC0004F02342E6BBE5BF15728B4B813DA27EF77F10B0CD633114A038B838917B650C798262E648BC4405B7F1438BA8990D05A41106E64E5263C42E361F16CFCC0712D0D01D13617B05BFF10E369BE90C85A5C5AD9820C76890DDCDA06F1E8AB941FB683A34425058322BF27070CE3F01245E48DA44EDC765AA93A7AC81AB4811C6DE3C7ECB1D070B93ACCF2DEDDFA7741F0D5D60CEF2CD335B84790FA2D5347362E8F47D08D7F5349A3420FE926E5EE02E0EB628FF0019F44D5A6699A81C0F560807605CEDA04772DB419D5E1A8D56961869741701F03AA66100CCC3C40DE4AE7FE30E9B7D52C6BF5145A37D3B46FCD7320E52CD71F2FE275DE58BC2A2FC2F81B18726573B310496C0765886D33AC7F51587F16617ABC53580410C00F6F3DCE636770B8D1761D59828BBB24D46B89693F0C452CE0F1B65DC6BDF1E77A59ED7620410619FA660DDC4EBBFD90C16E77FA32CEA66BD9E9357E146038901C041CD249223B3A83220F0E70BDCD5C039DFC3A751B94341687662E791ACBF347BD178DFC33D22CA558B9CCCF0DA80378CD12019EF2BB752AB453032B410D6189F8739787581B5E27C151D5C66E69AFAFBC6E99250D99E63A4A816622AB4C4876D71B687C57B1E82C749A604076663580805AE76410088DC8DE355E331CFFF00F4B88D241DA00CA0C2D781A84B9B01F00B4E61320D85B6B36609DF2AD19316B8A4FC19D64D32957967B6FC7AD7BBA3A89EA83453897489766B4C364169CC2F2BC55224D16B8E818D71FED00FD17A3FC4DD32D7E0AB53CAF2EEB1B2E7D460CA1AEA6328A34864205849EF1795E6F0FDAC30D3E122FCA47D134E118462A2EF72A84A4DB525E4F24C6815083A48F22BADD314497060B3431B944682D6E5703CD736B41A8F00482081B6D63C8CECBD5D3C451775C5E054FE130B0896E47349CE32C924C11AE9E17DB9254D3FBEC65C71D49C4F3ADC187BDAC2F0D01BF16BC3F75D7FF44EA417CCB2A3328B4136D60DC037375CDAF8B6B6A8CB4C40634069040765006631AE6CB3FDDAAECD13D67F1AA0BD4CE5CD021B9DB19086ED0D0478AAF34DA821F147F31BF078D517A9FF004F1FF6D44DF8A887D8B3C987151C662535ED1B2596AD69989A3660AAB0126746B8007983A1F1594D63716DFD63EC9595510A282BB26A75468A588CA498D401E199A7FE308BAF06645CB8BB5DCD87CDDE6B33009BA3A8DE0A34AC89B3AD4594DD4048048245F5124C47842AC65305A0173CBC0CA2F6006DCC2E41042D74F11220EAAA7069DA6329591F50826F6316BEC23EFE694DAB0662FACEFE6A5633748255915B0ADEE6EC03999F33E220C82042CF54CF01E007C95512B45701D7B081C00F4087122CD570A32B5D098C76BFE12CB79A80C2668ACECD3E9868A62993FA72C83501693A920D9DC2DB25E2AA75AFCF39C34343A335C5F5CC641DAD6E1C573A9D1078AD030422C4CF09FD952E308BD8BD659354CEDBBA4DB0E6E761126E5F52E0E5D4472F549A951956B87343434363B24E507B46F980D425D2E8C6BD99F39904E612D10388ECDC226E05B4C0EDEA46AE6E5222D3698BEAA8F42E392F7967254F82F0D5807D406CC93DA00189686901A6D7063C574D9D3D45ADCB9ABB8C005D2D00C4C088D04FCD73EAE058E05CE718D72B4E506C04B4449D06FDCB11C08EC5C373136ED18207681DF5B739086884F902C938EC8BC7E3BACA85E27B59664C9ECB00BBB7B827C53307D2EEA6D2D00107F9898027411040F14FFF004E65397100DC5CFF0051005A6352023AB4006CD36B739B0195A3C640E68EA852496C4F5DB77B995D8F739AE635ADED5DC1A1CE26F3AB8B8EA1753A3F1D4DB4431E6080E906C4769DC774D6610B03439C4E604CCEA445BBE3E4564C661C06BA00E64C46DB45CE8AA94A193D25918CA1B9C07D407B40969B89FA2532BC5C123BAC9751C623699FA2590BA2A28C0E4ECE8D2AD998E26E65A24EA3B8F87AAEBE0B1995AC87668A8499DE5AE1F32179FC2D1CC1C4188B9EE85A293FB1FDC2FC2E153971A96C5D8E6D6E7A0FF5DEEF55179EEB0715151F858782DF6F209F41BFD4CFF7025BE6129D863B1691C883E8A9B5DCDD091DC547569F8803E107D16B568CA27291B213DC9CE854D09EC1420A80C2798DC207342362D145E488FA7C9293322A2C3AECA2A0511BA28E6C6AA5330655D47CA9DC9D8028A9933E07D012A9BA68A442242084523D84B2AC2944B371C536C008803CF74F6565CA08BAC2AB78D761D4CDCEC49062601D74E681D88689CBB8D4EAB3556447681912636E479A00D514111C99A1B5DC260EB63CE78AB18A22FBCC89275E3DE9108803CBD11D2896CD27A4AA1106238408F25DAE8BC6E504B8F69C5A0C911AC881C3EEBCD6E98412047BF155E4C3192A2C86471767A3E90C416B08CC1CC265B044D376B6E2DF9243BA61864448DF4D7913B2E053169855964A55D3C6A98CF3CAF626B7E25478074B0425B0558165A0A0D383A8002DDCC0DEE2653AAB58D61132EB5B699BAE7D331F4EFE2ADCE94AE16C78CEA212B49513691759A8A10A944A8842A354511210A8E514400CBD8A1FD3E3F451444285B945144CB810A6EA1595145005145C7BBECA28A0502568A7F0BBFDBF554A20C82CEA3DEC157BF456A281EE53FEE8E9A8A28F80A05BA944DDFDEEA28A308CC2687BD2D9F1A8A25EEC9E095B555B28A23D88F905DAF8A00A289C56451451421FFFD9);
INSERT INTO `user` VALUES ('1005', '1', 'Latia Lightsey', '33417ABD8AB740F098A1718DB8B5DF707BDFD1243E906CA70CEFDACE312BCF27', 'LatiaFLightsey@einrot.com', '2674 Oak Way', 0xFFD8FFE000104A46494600010100000100010000FFDB00840009060713121015101012151515151115161817171515161718161515171617151516181D2820181A251D151521312125292B2E2E2E181F3338332D37282D2E2B010A0A0A0E0D0E1B10101B2F251F252D2D2D2D2F2D2D2D2D2D2D2D2F2D2D2D2D2D2D2D2D2D2D2D2D2D2D2D2D2D2D2D2D2D2D2D2D2D2D2D2D2D2D2D2D2D2D2D2D2DFFC000110800E100E103011100021101031101FFC4001C0000010501010100000000000000000000000102030405060708FFC400441000010302040306030603050607000000010002110321041231410551610613227181910732A12342B1C1D1F01452723392C2E1F108246282A2B21543535493B3D3FFC4001B01000203010101000000000000000000000001020304050607FFC40035110002020102030508010402030100000000010211031221043141051322516132718191B1C1D1F0A1061442E123F133527216FFDA000C03010002110311003F00E2D87C40AE0F43D048878833C4D23753C4F66553E82E11A413094DA6104D11F1A0433CD4B87A72166B48E57186EBAB8D6C73729515A67040020010028486870412152182001000801A531311320220010008004002005400243150311002A001000803BCA0D2E0080B8326933BBCD590F15765A73B85660572A219368D8FECB30D4617B92E36A12A44786B946D8FED139A004B854DB259DAA38CC6FCC57631F239798A8AD3382001000801C12248508242A40081820010210A62635320220010008004002005400A912040088015000800401E8384AE0B080B8138352DCEE2926B63338F3E6915A7855E329CEFC0687652A014E151C6A6E764B867E1A2BF69A8E842B38390B3ADACE4B1A2EBAB8F91CFCC54569981000800400E0912439048120040C54008810853131A990110008004002001002A00548902004400A80040C5401DCF0AA39A94CECB899A5533B189784AD8FC1975321598B2699919C2E2D14F83E28B3C3B856F118F56E55865A763578B826949DD65C15AE917E5F64E371808375D8C6ED1CCCA555699C1000801500284892152242A00540C10311026214C8B1A5322220408004002001002A062A43040088015002A062200EDF83E2D9DD000DE17173E396BB3AF866B4512F1007BA25BC94717B74C94FD9303B3BE3AC4396FE2FC38F631F0EF54F73A7E2C0F77116057330FB46DC9EC9C5F151E2B725D8C1C8E7675B99C5693188801500081A1424490E486010315030400881310A6458D29916220408004002001002A068548608011021503040C1006FF0067A997030B0716E99BB86E46ED305CD731D6B2C2E934D1B16EA998986CB4F10D8B6AB6CAE789995251C8A8EB31F543E890172F1C5C67B9AE5BA380E202F75DDC5C8E6E5282D064608102060801C122485486854121521820042988694C88D2820C44C42A0010022001002A062A4304002001000800401D6764C0D39AE5F1C74F86D91BF89A707D1608CB635B39EE3B860D22A2DFC34DB4E266CF15ED1A349D345A79859E4AB2345D1771B395E2BF395D4C1EC9CFCDCCCE2B41904400B08000D3C903A62840C5090C720902430400881508990634A6458898810008011020400A90C540C1000800400200100755C16A0CA1C172F888BBA674F0B5568E8B11581006F0B9F18D335985C6599991C8ADBC3BA9594665710C2D43DD807644D2D6D841F868C4E2F4FC76BCADDC3BF09973ADCA4CC3EE55CE7E46758FCC7650341F9A56C9E8484350A2876365488F3149486D92E1314699240064441B8F6519C35AA1C3238061AA8CE3335A64EE207D1135B6CD841A72DD1D9E1FB1B47134454C354C8E23E5273379EF71FBB2E3CFB4F270F9346556BCF93FC1BBFB484E37075FCA39AE2DD9DC4E18C56A2E0367B41730F50E1F9C2E8E0E3306757097C393F91927832439A3256A2910A6458C2995B1131020010008108801503152182001000800400200EA3811EEC1045A573389F1EE8E9E0F09ACEC407BFC3C964D0E31DCD4E4A4F61F8FA5F65A258A5E21645B1814EAB81CB1369FF5E8BA1DDA9191CF4909A45EEB9B73FD15AAA3B02C5927BD106329DE1AD207BA946486F85C8B9A2AD4A654D4915CF0C9734465AA5656E3420099148428131102142011E89D86E2995B716903AE9BF35E7FB4F05BF53B1C2B5289E9FC36A36AB0B1C016FEE3D579F4B4CA8BA7B6E8E578EF60F0F887BD91DCD6176D468F0B81D33B343E763D574B0769E6E1E949DC7C9FD9FEA28C9C3C32AD4953F43CA3B43C06B60AAF73886C1896B85DAF6FF330EE3EA17A7E1B89C7C4435E37F9472B2637074CC92B49431A81020013102042200540C548608004002001000803AEC7B4D36181AAE4E26A723AD34E3120E17896E7D54F3C1E9238A6B51B3C6B1CDA747997580FCFC964E1B139CCD19A6A31392A550B8DF7375D692A5B1970C35CD6A3DE3E19F0AC3BF87D3A86934BF33C39D1730E3127CA1782EDAE233478A71D4EB63A3C6669E2C9A71BA548E96BF66708FF009E830F9B42E7438ECF1E536655C7675FE464E3FE1CE06A8FECB21E6D31F45BF076AF1B069397CD7DCB1768CFFC927F03CA7E237625B80A8CC8F2E63DA489D4169120FB85EAFB37B4279D35354D163C78F89C6F2C5535CD1C190BB0729A18548ADA040A87347349938A5D4F4EEC2766ABD4C3BAA53A72C71304917708D37E4BCD76A71B8A191464F73B70862C29294B77B9DEF05E1B5E88F1B09E7BAE264E2B14A7698649E292A523578831A32BEE0CC75F232AC9BC728A6994E1D4DB890718E0B431B40D0AECCCDD8FDE69D0398ED8856F0D9E78E4A58F66BF92AC914F69753E7EED87662AE03106954F134C9A752203DBF9386847EA17AFE138A8F110D4B67D5791CCCB89C198056B2904084281026008102062A430400200100080040CF42C5D19A5A6CB810954CEE4E3E138D07255BDA0C95D8AD50D8E65D4C7E37166A3B33B9401C8258F1A82A45929393B6454CC294B72CC6EA47B47C13E279A9D6C393A10F6DF9D8C0F41EEBC5FF5270F528E45EE37F18B5E28E4F81E9EBCA9CD165494E4955851E7BF1A70B9B074EAC49655227907B4CFD5A17A2FE9DCF27C44A327CD7D0E8F012A8E48FA5FCBFECF05785EED1CE9ADC61522A62008048BDC2F02EAB5594DA25CF706B4732E2001EE5559722845B3670B814E7E2E5CCFAA7B37C21983C2D2C333FF002D80131F338DDCEF52495E3B2E553C8E72E6FD0CB966E726CBEF76C02E671199BF0638BF7892EAC081A152A824A2DEFEBCFF0090B7D0CDC63C0A8D00006093B6B613EC51C227DEC99AF126E0DB32FB5BD9AA78FC33A8541048963E24B1E0785C3A6C46E176F0659E1C8A71F8FAA2B9549533E64E2780A987ACFA159B95F4DE5AE1D46E3A1D41E457ACC7923922A71E4CC128B8BA654532222040988102040C548608004002001000803B96F1705C68FB2E27F6ED2D676BBE4DE939BE2EC8AC46F027F15D1E1DDE331658FF00C8530AE121C122C4C9E8629CC707349046841885094149533463E22517B1D370CEDFE3A8465C4BDC06CF8A83CBC73F45CCCFD8FC2E6F6A0BE1B7D0BBBDC4D78A29FF001F43B2E0DF188C818BA008FE6A460FF71C60FB85C6E23FA623CF0CFE0FF28AFBAC53F65D7BCD8ED776A7058EE195E9D2AC33960706B816BA5AE0E8B8826C742B1F67F67715C2719094E3B79ADCBF87E172C676D7869AB5EE3C26A8BAF751E460CABC5446A45228081A47A7FC16E1B4DD8A7E26AB9A05160C80903C6F901D7E403BD485E7BB6F899E3846314EDBE86F9A9470D2FF002FA2E7FBEF3D8711DA4C33086BB13441E5DE327DA579B6F8D92F0C1D79D1923C34E5CA2C750E3342A7C95A99F270F259F262E25BDE3A47DC4D7F8B2D076E0CFACAC3259212B7CC8346155C417567385C66CA0FF4FF009CFBAECF0D171827E7FBF43A11869C6A3F1F99B740481E4BAD0569330CF667917C77ECCFC9C469B7953AB1CBEE3CFF00DBEAD5D6ECDCDA64F13E4F75EFEABEE53923AA36BA7D0F1A2BB465110211310204090C540C100220054002001006EF66C67AC5EED00927CAEB1717E1C6A28DDC2BD5372666E22B17BDCFFE6713EE6C1688C74C547C8AF56A9390D0132690A121A257D223551524CBE78A50E6452A453600A0132DE1AA1D15538AE66FE1B2C9F86CB781E16FAF55B4698973DC00F5FC9559788862839CB922EFED9C9BBD92EA7ABBBE12D2FE07BB0EFF007A1E2CF3627F93FA7AAF26BFA9327F73A9AFF8F957DCCCB261D5A2BC3E7D7DFEEF4F23C7B88F0F7D1A8EA751A5AE6B8820EC46CBD8E2CD1C91528BD991CFC33C7BF42A17E9D15B467791ED5D0D2E075BED402759BF90247D42A38885C0BB0E59A9DD9EB3D907785A4EB71D266E7E8BCA71DB4E91D0DE4AD9DD778031DD3F34A1ECB31B5E246470BA924B793847E12A982DE8D197959D660341BFE8BA580E5E619C6787B2BD07D1A825AF616B8747594B2A6BC51E6B7218E5BEE7C95C6387BB0F88A9877FCD4AA3987AC1B1F5107D57A5C39565C6A6BAA33CE3A64D1495A5622620408103152182004400A800400200D0E1D8A2C65403EF323FBD6FCD51971A94A2FC8D3867A632F52AB558288E091621ECD526590E67A2F1BEC5B9DC3A8E3B0E241A0D35582E5A40BD46F36F3E5AE9A79EE1BB522B8A9F0F939DF85F9FA7BFCBCCECE49ACADE19ED2E9F2E5EFF00AFD7CF1EC85E8133932838BA1B0990A24A460A8CB72EC52D2ECEFF00B0DDA0C1E058713543AAE20CB5AC6880C1CCB8DA4F495C1ED3E0B88E2DAC516A30EAFCCE8E597798D454A975FC51A43E31D7EF64E1E9775FC999D9FF00F934FF00A565FF00F3187456B7ABCF6AF97FB30BC58F95995F1078CE0B1F4DB8BC39753AE21B5293DB05EDD9ED709048D39C1E8B5F6570BC4F072787278A1CD35D3D0B137DD3837B2E5F8FB9E7EE0BBE8C52A459E1E0E791F76093C84813F550C95A4963F691ECBD95A70D0D31395847F764AF23C52539BF89D5B691D4E32A65A2EB5C9FF09B7D15717A6252A3AA7B195C21C7366275927F2553DA65D3571A3B6E1AE9682BAB853D8E3E6E65BAFA156664E9954399F3BFC70E19DD7106D668B57A2D27FAD8723BE991743B1E7785C3C9FD7FDD8711CD33CE4AEB19588810262040D0A90C1002200508004002065F7B00A4085426DCD9A69282A2B34AB5918B1C144B07B0DD26590D99F447C28C68ABC3298D4B0BD867A191E62085F3BEDEC4F1F1927E74CD5C5789A9F9A5FC6DF6398EDE7C33398E2700D11ABE8F2E66974FF87DB90EA765F6F26BBAE25EFD25F9FC93C391649253693F37C9FBFD7F8399E25D84AA3054F1947ED1A59351A078E9B8121D6DDA0837D46E375D4C3DAD8DF10F04F677B793F23564863D6F14954D7C99C53A9C2ECA66296269363132ADC44C5D0102F41A42656D6E5BC150759F95D933804C189D72CF381A2AE728F2BDCBB1E36DEC7B6762308EA8C04036B49168E60FA8F65E3F8ECD0C52B6FF0026DC93505E23A6ED0BDB430CE71BB882018D09178FDEEB9B8734B8ACCA3CA2B729C12739DF44737C26B6602DEDBC6B0BA12C7FF21AF24BC27A370A0325F981F92ED704A0E2F5799C3E22F5176AB35F20B5E7C2BC4BCA8A232E478AFF00B4061477186ABBB6B3D9E8F6E6FF0002CDD92EB2CA3E9F47FECBF33B87C7EC78915DF3288991040810342A4304008801420072090200B94C8346371FAAA1DA99A234E0562AD20C5081A240540B933D77E0871583570C4EB151A3A8F0BBFC3ECBC8FF005370F6A3957BBF074271D7C3A6BA3FA9EBCBC71806B1804C0024C981124EA4F552726F98DB6F99C571BF86F86AD88EF99E06BC9EF18D8024830F65A01982468577386EDDCD8B16896ED727F67F93A18B8ED38DC66ADF47F9FC9E6BDB0EC0D7C192F03BCA5B5468D3FADBF77F05E97B3FB630F14B4F29793FB79964563CEAE1B3F2FDE661707E015B12EEEE8D373DDC80B0EAE3A01D4ADFC47198F02D591D224B85518396474743DABEC09C150A2739A95EABB2F76C6930624E53AB8CC0D173B80ED85C5649AAA8C77B6CAAB14E2FBB4F6ADDF5F5AE86E764FE1317E5AB8F258DD7B969F19FEB70F947417F25878FFEA350B870FBBF3E9F0F3FA7BCA324B141250DDFF1FBFC7BCEDF88762A8D6AB41A40661B0ED3928D3197354719739E46D66F537BF3E263ED7CB8E126B7C92E727D17A7F3E9C8847338C5D73674F4A9358D0D680D6B458010001C82E4CA529BB6ED94B6E4EDF3391ED7623BC611B6807FDDF90F75E83B331776B5BE6CDD8E1A635E657ECF53B8B440FC6DFB2B4CA5AA65D35513B5E1E48103A1F55BB87B4B63979E9BB34DB56C67707E8BA51CCB44AFA98DC77478FF00C7E7FF00B961C73C4CFB537FEAB3F65DBCEFFF0097F5468CBFF8FE2BE8CF0B2BD098C44081310200548608011002A001000802DF0FA733E4AACB2A2FC288DE14912921A0A64531C0A45899D476038AFF000F8EA4F3F297647793ADF8C2E5F6AF0FDF70D28AE7CD7C0E8F0B3BB83EA7D2AD748046E17CD24A998DAA742A8802000804104020882089047221598F24B1BB8815F0380A545B928536536932431A1A093B98D54F3F13933BD591DB253C939BB9B6FDE4AEA4D2E0F2066008062E01D403B4D954A724B4DEC2D4EAAF61EA2204014B8B62B23207CCE21A07536F6FD0AD5C2E079268BB04354ADF24709DA6C57DB0A0DD5AD93D6D267F7BAF538F1E9859B61E276CD8E014FC20CC91327A033FE4A88D5F22398EA70352F71AFEFF0045AF0CBA987344B952A40F456E59D2288C6D9E39FED0188B61288D7ED1E4796568FC4ADBD971A9CA5E492FDF90644DC7E3FBF53C70D32BB5A919DE3630B5320E23CE1DD933C784BB2CF502614752D5A7A8F43AD5D0665521690CA80A61080A12102A1D952B25A761EDA693912501DDCA5A87A0B1C2C89B9855E74FA13C0F60C6321C7ADD18DDA2734539571458E69489A64D45F065424ACD5866E324CFA5BE1E71A18BC0B1F32F60C8FF0031BAF9D76A700F1669D74DFE0FF0CD1C64529A9AE52DFF002657C47ED73B03570ADA67579A951BCE98F0E5F5977AB42B7B1BB363C5C32397952F7F3BFA7CC970D0834F5F5DBFD9D86071ECAD41B88A27331ECCCD3CEDA1E4765C8CBC364C53D1355BD7EFD4CCE3A65A58EC062DB5A932B30CB5ED0E1E454336278A6E12E687971BC73707CD13AA880200656AAD634BDE435AD124930001B92A5084A72518AB6C126DD21CF74024EC9256E90256E91C8627888A958BE7C2C0E03948B38FA69EEBD0F09834249F3FDA3A9A563C5A573EA71B46B77D887D42665C234982437F169F595D8CB70C69114D23B6C0372F876007B91A7B47BAE74776133A5C28F083BADD8D6C609F326A9B0E89657C915C7AB3E7EF8ABC50623893E0CB68B5B4479B64BBFEA711E8BB1C045AC56FAEFF00827255B1C71685B6D95B442EA4A6A456E258A8C8A2D603ABDCE3D2C1A07E6A09F8DCBD289B5E04BE242CA0A6E645447F70147586923A946149484E2572D56595B8885A8234CB585EAAAC85D02D650AAB2748C863A0AD6D598D3A34E98EF291B5C1247581247B2CEFC13F435C7C5166695A0CAC5050493A1ED2A2CB6323B8F869DADFE0312339FB1A8432A7404FCFE93ED2B95DA3C1F7F1B4B757F14F9AF8AFE4E8A9C6783BB7D375EF19F12F8E0C5711A8E61CCCA67BA611A16B09120EE09CC7D52ECBE0970BC3A87C435A58E315F1F79D3FC21ED6B690A983C43C369BC39D4DCE366D40248E81DF8F9AA3B4780865B6FAD6FE4D727F67E859931F7D0538AF127CBCD7FA1FD89EDCB6870EC4D2AAF8A9481343FE2EF0C06FA38CF92CBC7764C7371119AEB4DFC39FCD57C89E682CB975B7B5EFEEE9F83A2C2FC40A34785D1AEF707D634F20A73E273D9E12E77F2B7433D6CB8F3EC4C9938C9C16D0BBBF47BD22B9F0FAF337CA2F7F9F4443F0CFB4E6AD2C657C5D5032D5151CE26035AE6C0006C3C30029F6D767E89E2C7823CD52F5DFFD8B89574A2B95A38DF885DBB7635E28519661810793AA90E8CCF1B341166FA9DA3B5D93D911E123AE7BCFE9E8BEEC30A58E6975D8EFBB6FDAA6B08C2D170EF1C2499F946927F7CD703B33B39CAF2CD7853F993C18E38FC53E6F97E4E5B8D711FE1F0CD68F99CDCA39E907F32BB3C360EF32B97C43264A5455EC7BA1D7B9B7B9D7F35671CFCB9108A7C99E97428B4B5BCC89FD3F2582310948D3A3544792BE3228922876AB8D0C2E12AE21DA867847371B347A9211183CB250F3FA7508A4B9F43E6DAD54B89738C9249279926492BD24634A9154A5638D2D39C027A4DC7D2FEA86C4958CC91AFB2762A2CE2E9982E110DCAD8F36CD872D5570974F32C92DACA60AB4AC9D94CC4F5FC74FC0A83689A83AB24A98790A0A74371B207E00EC158B3220F1D15AA61C8D95AA68A9C4606909DA60B61D9DC9521DB17174D81A1ACB969F13BA9D00FAFB231B93772F82239230AA8FC596B853BECEA3661C22A37AE590E1E6411ECABCCBC49F4E4FEC5B8768B5F1FC95F8860C81DEB4784EBD0A9E2C89BD2F995E7C55E35C8A015E661C0A44D3A1E1E951629D0E0F51A2C53256552A2E25F1CAE84CE9D11D763C394689A937B5923310E682D0E20388240260C692378949C53DD92591AE439C73303BF94E53EA5CE07F1F642D9D0B55BB2E612A54A957BCA8F3E23E37126637BEDA7D151351C70D315CB921EB79257334B8AF16FE26BB08B35BE11D44804FA9055187077189DF37B8E52D73B4761D93C30CD0ED6358D7F72B93C63BE4695B6CCEF05781945C9B5B97EE56486CB72B96ECBD8770893FB3C94972DF9107CCF26F8A7C7BF88AC30CC3F6748CBA34352223C9A091E64F25D5ECEC4D2EF65CDF2F77FBFA10C9B2D28E1E9B258F6C4FCAE9B7872920FBE703D9756F74CA3D004974C493A08DF416FCBF6474036AB2F132778D3D0EFE684C09714F9A0D769F6990F5CAC0413EEA104BBC6BD2FE6C9CFD84C5E1ADA441EF0C1027DB9259BBC4D690C5A1F31B8A7B9949AE830E717794D9B3E827D53828CA6D790F24E4A2BC8AFF00C4B85CAB3BB8F22AD4D6E6AE16B17016D63EAB24E0932F849C8AEFC630980AC58A4910EF22D8F3807399DE06F8428F7D18CB4B7B93EE6525A922A774AEB2AD0CC7349C1B9B298D262D3C96CD4AE8C2E124ADA0A6E336BDBF7A26D208B77B1668E32A0691248BC8370679CAAE58E0DD96C72645168AAF8D47B72F5DD588A47009162568919409F63EB026DD547516774C6961084D3078E4B98B948D41B2360568753693A7B9B01E652748946D92B5B780735E044DFCA402A2CB13A1AF29A0721F877DCB6DE2117302641049F30126BA8B503B309041178234BF223D10A87A8D8E19827646BBF9AE27DA7A6A7CD63CD955B45B18EC7A2F0BAA180329804E8E74E863F1E8B8196DBD52F81A763A1C2902FA903D86D3B2CE9D88ADDA9E3C2861EAE578150347FCA1C6207FC46EAFC189E5CB18D5A64A31A8B9BE878E3ABE691FF366D8B67726E4895E8D42B732CA763BC2D0ECD62C634817167B81CC479069BF307C9EEEABAFD885ABF70616AEAE008696C17C4C49121BCA44DF94F34A4AB67CFC869DBD96DE64352A86DD8D73EF008062DD54945BF69D0AD2E5B92B6AB8D3735D44C66CE4C9106234F651718EA4D4BD09A769A68B143813D8E0FAB4CF7779F131C0C0072CB09CA4C8D79A84B898C9545EFF00BE638E1ADCBAFA26BB48904DBC3A4CCCE51D2D659D4962764D2793C3CC4E21C0C53A74DCE3130D13BCD80461E2DCE5248258E091628D30C00650624DAE3C3A1F78F751937276D96C124B6450A3428E60E7E82CAD94F25698908C31ADD9BB4817B72B465A66627431AAC32F0BB7BB35C5DECB9107F023A29F7AC342392C3570D398C8904784C7BF316FA2EC4E2DAA473633BE6495E930B439A5A0E6D43603A3720691698E7A223295D31D42AD25CFCBEA56C5E1221C21C08D898EB9645F7D254E13E85793137E2E7EE7F3A29B68CBA3DFA0DD5BAB633777E2A35786E129BCC1194C3B2EB2E9901C26C5C27411A0D567C9392F5FDE46AC78E0DB555E454C753C8F026E419111066208169F2E6ACC72D488668F76D6FE63B0D4CBCB8B880D024E9782016827722529351A278DCE6E9BD8B2FA4E79717104D4971DE0B5C2FB08BB85941351492E8592C7272F17516A61832208738890D0EB36DF318DCEA06A26FC88A562946B9211D8622982F6B5A5C7436744021D95A6D37B1036846AF16C4A31728EE923430581EF5E0360D4395A43A4070737EF183AC6F79EB7544F2E857D3D0B7BA8BDBAFC4AFC470429B9D4C536E76921EC871731C019D1C418836FC55B8E6E494AF6E9EA679A82D911F0C7B5CE21FA16CE9A653A089366977B474465B4B6FDFD61049B2FE1318D904B8B62F02EE81C8E80DB4305512C4FF7916270DCD8A3DA1349A0F7258C8BB490D331984C99F33F4BAC8F81536EE56FCC7AF6BA0C5F6CC06B052A912F639E1AD21DA196DC9060860EB752C5D9D57A979D119658AADCE62A7117BB33AA0265C26CFCB9A3C59C9DE413EEBA0B0C635A7F7DC57DF36A9EFEEBFE49DBC35EE82C821CD2E0D0E2EB192016B24DF28B18DADBA4E69730DE48B5C3B86B0B5F5716ECAF0F68CB5016BB2868B806F371722C00E6A9CD9A49A8E25F2FDFB93C3853B7337F8760E81A2F654735BF6BF333C5959A4B8B86BB181B2E765C997BC8B8AE9D7CFE06F8638E877FBF32B1151F0D2C66527C351A7ECCBC39A3E69869CB9AC60D95DA231DD3F7AEB455A9BE650C5540EAB51B980731DDD933998E977CE679C7A4057421A609F47BFAFB8ADF89BE863E371755F5330696B7C3E11394E502E74CD31F55AA18E118D3DD99E7ADBB5C8B82ABDD76329D30675A8D398DC8CAD991BDBA055688AF69B7F025AA5CD24BE251A959EF03BE739D14CB9A7389219E280EBC992E306FE18B59688E38C7D8497C0AA737CA46FF00096E46BDCEC80B9C5CD6E70D66573AE1A7727C26045BC961E216B692E9CFCCD985F771DF6BB623F870A85996B53EEC83320B40787E534DA4D9CFD2128E4D37717ABEC292B569F84ABFC4D52D6D30C2350400609F1092763A8F453EEE16E56494E91A39B11FFB4FFECFD555DDE3FF00DFE84F59C855A4E6B1AE22CE12D2771CBE85752324E4D2F89CE76A36FE04AF6CBB28003432666CDB4920EF249B28A74ADF3B072DF62ABB14E044880D7CC090D2E020181BC6FADCAB74268A5E477BAE448CC467F086004EFB921A6EE3CE6FFB95171D3BD964276EAB99AF6A74CD5AE640F086824DCDC364E807E675958EE53968C7F335DA8475CCC2AF5F3B62C48398B88BC406C4EE342B7463A5D98724F5AAF22C60B0ED2D6B9CF20F2168BC8F3E6ABC93926D2468C186128A94996B14D74BF3D5F0F7603417662066195BF990A10926952DCB64A4A4DB7B35437B930DEEDE1E4D8801CD83A8B6A7CF9EDBA6E49376A823A9D6EBF7D05A0DAB043581B9480E79680D69248199C458FD754A5A1BB6C92C9382A8A5F22D61283D8C350B84D865A6E973A458CB7617320CCB6EAAC934E4A297CF922DC6AA3737B7A7363B8EF10755AB3518DCCE687139477A46501A5EF224C802D3684B87C5A21B3E5F2E7D115E79C14E925F73370E2C2B347CAE20024F2B5C5B988E8B44F9E86668CA2FC715C8D1C43E935A5AE654A4F6B8030EF0435D31986D6B0B5C0544564BB4D35FC974B2E2D3528D3FE0A7886F7979B1B9739E224749E402B632D2F7FE10A518E58EDB2F36CA6CA2D275DFD0EA76D046EAE7266658D0F762806E507EF416DE21A06537DC92EB25A1BDC9432C636993709E2258F735961518E611789745C4684C00A19715C6DF4DC23956BB4B61C71AD24B41B416C900E5048BB48DAD6909283A4DFEFBC96B4EF4FF00D1A0CC7B4B0789B05C65A0C1043BC2EB6A7298BDA4755577552BA2E864D51A6C7E0B1ACA4D7667BCC88B82019376BC35F0E1039EA1371D4F640E54B99530F55957C2C0DA6E00E56E6243B7201FB9024F8891D44419C969DDF22A8CEF633DF52A517466731CD2640B381B1F62AD4A3357568AA4DC7AEFE85A662A5FDE0241906D0000756E5168BDB61C94251DA8B31C9B7765AA18B2E8A6E345AD6E682E2D9924BA66E603893FE5655B8D2B56C937A9F422C500EC8D7D40F05B03266F0C03975DC9B9D75445D5B4ABEE39AD96A65AC2D1A869B6A33BE79A5272656B83649925AF6996C5E62DEAA1271D4E2E95FF003F264D37A16EF6E9B7DD1669714A8C018D2E981F334BE0192031CD24DA666C35D145E184B7FA7DC35C97EFE3F050FF00C487F3D4FEED1FFF004567F6F1FDB2BEFDFF00EACCEAD8C77CA3286F7592241F5E855B1C4B9F5BB2A795F2E954458B7D21481A4E39C901C3480045BCD4E0B239BD4B6E85791C142E2F72077107901AF87011A8136D2E14D618A76B62959E554F7168E28022D979C5D2963F896473ABE545F6631EE6F76D7489102011EA22EA978E317A9A3577AE6A932957A391E438B4E6170C20804ED6116E8AE8CB5476FE4CCE14F7EBE42BE9650D33CA47EFA24A5A9B255A52A343034401DF1AB4DA066CAD2333891F28CB9729D5519256F4696FCFCBEB66883AF16D440EE22E7126A39CE3103F21B40D54FB94BD948167ABB21A988DF31323DBA13BA9A87A15CB2AF3E62E1E813CC4364EC40D8894A534282E4418A73B36625D277FE911AAB215545596EEFA861B31218D198EC36FF544EAAD918369D17F1B45AE6B5CF7B83F4737259B170667C44C9D9518E4D36A2B6F79A270D5BB648CA04D1C94BED2A54F13DC209CADB369807FBC4F90D92734A773D92E5F923DDCB4EDBB7FB4188C17774DADACD34DDBCC027E58803909927984A3935C9B83B45F4A38D4645218571706E52E920379C9BFE6AEEF2295D94E86E5CACB186A2CA551EDAA7292D2D61787000BBEF90013619BD4850949CE29C775D6BE826A30934DFB8CF01C1C43093179692040DCF21E6AFD9ADCA1DA74BF8237B6FACC6B17F59E49A645EDD4930F52F131D7F095192EA4A137CACD1E19564DC0B11048BC9B5A21519A34B6346295B2377117333D3B5DD7F0C181F2817D06AA5DCC675213CCE37126A959B19C59D104B2E0C8332CFBBD63F5504A574F97AFE7A8DC955FD0AD448198B5D2721E420585A7EF6BA2B257B26BA894D747D0B94B10D7B84078FB46C173F3436222F7D6F6554A2E2B7AE5E44ED3E5E6587621AC6C39ED8150188C8EF0889F089DCF9D94127276974F793949416ECA0FE26002180CDE1C045BC563C81CDA057AC2DBB6532CFE48ABFC737FF49BEEEFD559DDCBCCAFFB9F42BE58241D46AA7768AE9264ADA123C3BA839D3DC9E84D6C41DC9E8ACD455DDB22CAA56574C968D42DD0C1D3D1424932C83D3EF1CEA96B0FDF449477DC939D222CE54E8AF5B27A353C426E264B6625424B6DBE65B195BFB12E2F124B43402D682481022FBCEEA10824DBEA4F2646E355452CCAEA3359B1872EA8ECC408200927402DBAC934A0A9336E36E5BB45BE31810C60735E1C66ED0D30279B957832EA953544F2A75B18ADAA5A4C8BC725AF4A919D4DC799352AED3733981163241F3E4A128C972E4590C9193DF993E2788B493958C16F980236E5E6A10C2D736C9BCF1BD90CAB5EA00D7E6B39A40DEC6CE1D14A31836D1194A4D6AB18EC7542D110D0D888B7FA9BA6B1413177992ACAB887BDC7C526DF456C54572334DCE4F71AC9327581F44DD2D851B7B8C20CE8991777C879A243A08BC28EA4D5A25A5A74C9E8BC12334DB97250926B916C5DF31C4876674124684EE3AA5BAA43DA5B8D6625A0101B048D53706DEEC4B2A49A486B5AD04C92606DBC84DB7D04A83067ED1A60CE61F8A327B2C50AD49967138939C3EF98170CD6337B6BB855C20B4D742E96496A4FA8DAF8DA840CE6C26D6E5D3CD38E282F64259725788A16E4B4192D7912BB7B5D41166DD4B3836B7E673B2DADD55591BE49596C296EC8C9CC7D7DD4B9207BB0A4DD445F44498E032961C937B01A94DCD244141B96E2B991A6E6022C74912D0C14BF2BAC39A8CB2D46D128E24E5BA3448A34E3BA6E72D32E7116F259FF00E49FB6EAF91769847D9443C46BB6AE8C0D0340DE6A58A0F1F5B2391A9AE45318413E2207AECAE791F42AEEA23F15E186B492DEB6F44A1BEED6E396DB22E51E36F66997416CB22DA2A65C3465CCB16568CFC7629F55D99F73D047D168C78E38D5229C92949EE56EF36856515EB6850F450D4C9A862DCD100023911214258D3764A395A54881AE17953A2AD5E65EC3E2D829B9C49EF7E56DAD9773E6A996393925FE25B1CB1AB7CCCE055E67B2D50C40CED2FB8055728785A897C327893912F12777950BD9A5BA28615A23A644B378E5712AD373984DAF10AD69491547545F227647764EF3A739D495077AA8B55692B39B261A1589EDB94C96FB0F34CB490E1077052B52568925A4B985731AFCC3C400D0F354CD4A51A65B1714EC61A65C0F862F20A7AB4B5B917BD951F337D55C8ADB632E991DC94D4951D345BAED0C2E4E886A63DB98A8BA43B93240F78B734AA2C9C5C90D755237428D89CDA15B57DD0E235327A3C44B7500A84B026590E21C499DC54E5395804EAA0B8757BB2C9715B6C8CF63CEAAF6919E326D597706D6C67A87C82A72377A6259076AE44559ED2E6C9B4DFA29C5349D09B8EA57C8317598096B44F54A119736C3264827484C3629AC0605C884E78DC9918E449152ABA4CAB52A299BB63148ACB385C516198046E0AAE78D491743250FC65663A32360EEA38E325ED32592516B64540D5694A4C73D82D0927E6371F2190A5646992824051D9934DA41DE4EE8A24B236373A74435B00E3AFD52A41AA4F71F88AEE79979931129460A2AA23949CB98942A657224AD0A2E99A14F8A402D8B4AA1E0B765AB215EB91AE5226F70AC8F95832B66E8ACA216069EC9583879065D93B125D099B5083E8A0D5966A68677D74F491593715AE6CA1A743B5631C253BA22E36321484950FEF2028D0F56C461488214B8F3450DB624A042B45D00B992F73BCA8EA2DD086E44EC5A50E6B5A0DCCA4DB7C81462B76424DEDA2915DEFB0EA6F8329356894654CB14D99DE1ADB4A837A636CB6949EC36BD3C8E2265107AD58A4B43216BAF2A6D6C549EE3C5F54BDC4D53E623DA364D36128A18E109906922C3B17E00C0079AAD63F16A2C797C3A522161E62DCD4D908B7D5039B0509EC0D5325738690A2932568B9DE07B60ECA9D2E0ECB369221EE4296A61A51502B8A89370A21D46D5D535C87212B6BE89C453F688C6A990EA4A544B9039084F9119522A0081A10A04080008043F6489F414E88EA3E8469958853220D498D17B867F683C9539BD82FC5ED11E37FB4779A962F650B27B45656150A10342204284020621844B8EFEC82A57B668FF0002915719DF31DB848658A1A1509732C8F215203FFFD9);
INSERT INTO `user` VALUES ('1006', '1', 'Patricia Arnold', '33417ABD8AB740F098A1718DB8B5DF707BDFD1243E906CA70CEFDACE312BCF27', 'PatriciaEArnold@armyspy.com', '4057 Mulberry Lane', 0xFFD8FFE000104A46494600010100000100010000FFDB00840009060712121215121212151515151515151515161515151715151515161615151515181D2820181A251D151521312125292B2E2E2E171F3338332D37282D2E2B010A0A0A0E0D0E151010152D1D171D2B2B2D2B2D2B2D2D2D2D2D2B2D2D2B2B2D2D2D2D2D2D372D2D2D2D2B2B2D2D2B2D2D2D2B2B2D372B372D2D2B2D2B2D2D2D2DFFC000110800E100E103012200021101031101FFC4001B00000105010100000000000000000000000001020304050607FFC40040100001030104060706040503050000000001000211030412213105415161718106223291A1B1C113526272D1F0142342E107338292B22473F14353A2B3C3FFC4001801010101010100000000000000000000000001020304FFC40020110101010100020202030000000000000000011102213112412261031351FFDA000C03010002110311003F00F10210A77D35090AD98110842804210804210804212A044A025014F468CAD48226B159A164738C34124EA024F705D8680E85B9E03EB4B1BEE8ED11BFDDF35DBD874552A2229B037CCF13995D3246E716BCD2C9D10B43F12C0C1F198F01256833A0CEFD559A38309F50BD05CD55DE9AD7F5C8E12AF4288CAB379B08F52B2ED7D15B43726B5FF23B1EE742F46A81557A27C63CA2B59DCD24381046608823915090BD3F48E8FA75DB76A09D8E1839BC0FA64B87D35A19F40E38B0F65E323B8EC2A5E59BCE31909CE09AB9D8C84210A010842012A44201084A82D30CA6D5A49AD30ADD312BAFB19C42456ED145552162CC0884216408421009C1227B1AAC824A34E4AF4AE88F4645302AD512F38B5A7F46F3F1792CAE82E840EFF50F1834C531B5C33772F3E0BAEB7E94652189C766B5D7D3A71CFDD6B0202573C2E3C749D85D070E6B7ECD68BC254749DEA7AAF55DE96A3946E7225A63D54ACA7AAF556A5408C9B7936BD16BDA58F12D2208556AD6C55AA2E95A83CFF4EE8A750A85B9B4E2C76D6EFDE16490BD4B4D68B168A25BFA875987E21AB81C9799D7A6412088D446C2352CF518EA62BA1290917264210840210840254884169ED4EA55213DED5090BB22E66AA57A2A4A2F569C2427B19109158B451855D72B3142109540A168688B11AB5194DB9B9C04EC1ACF212792A0C0BB7FE1F5865EFAC460D171BF33B13E007F72E9CC24DB8EAAD951B67A21AC1102EB07019FAAE034B5B9C49C71399DABB2E92766762F3BB71EB2ADF74C6D5C577FD0DB617D12D266E181F29123D4725E76D5DCF416910CAAEDA58DEE0E27FC82ACF3EDD154A90A9DA6DB753ED4E58769A92546ED3AD16F71D6AA7E3B7AC9D27A4434DD1895926D8F999462D760CAD2B5F475495C2D8F49C183DEBA9D0F6B04CCAB1AE6BAA63305C2F4DF45DCA82AB4756A67B9E33EF18F7AEF6CEE90156D2FA3FDB50A94F5912DF99B88FA7355BB363C75E146ADDA29C155885CFA8E26A108580210840210841A6C1214551A9965AAACD56EB5DBDA2AAB5667AAEE086184176B3010B32B5385A949D214569A2A59AACB427D4642605CF04B4462BD5FA2F64F6567A6DD6E17DDC5F8F940E4BCA68AF5ED1AFF00CAA7F237BC344AE93D35C7B3B4DD8CD4A44018E63C5798DBE89BCBD728BC1546DDD1DA154DE221C732323C46D5637D73BE63CB6CF6724800492600DA4E402F50D13A37D8506D3D79BBE6767DD80E4A4D1BD1FA145D7C0970C89C8701B77AD0B63C010969CF19E6B0349180B9DD2156EB091F656C5BEB5E2B174BB2699DD0544AE4ED124CA815BA8142F6258E68C15B9A0AD043A16180B5F42B312520F44D17699C174167A3AD723A19C642F48D1B6306983B96ADC7ABF8A7C9E15D2BB17B2B45560180798E07AC3C0AE79EBB6FE21B81B5558D574730C00AE29EA75E9E6EA6754C489522E285488420212A49420731D0B468D490B3158B35482B7CD162A354255B7890ABB9AB68750AB0AFB4C859B754F67AB0812D741502216CBB1542D1454B3550D25EA7A21FF954C4CC53A6676973657953335DE681AC450A151CE71EB1611980D65E6B06DCA159E9AE7DBA96D48538B5ACA65A039E43720D93C49C3D7B93EABE11D355FA47A79D49B0CED3A71D83EAB9C1A4AB369F6DD7AE926F19C4998C78857EDEF3387880478AC8AA0CE3FF002A31D5ABF60B70AACBDAF270DEAC3802216358A90A6E25A4E3182D56544A92B1ADDA20C92CC47BA731C0EB59556CEE19B48E20AEB8948426A638DA7672E38095D268DB1DC006BD6AE16AB166A325091ADA02CD2E1B17A3D9EB5D60D8063DCB91D0D42E80AE7493489A1657B84620B44ED230E2AF535EBFE2FC65AF27E94DA03ABD5232351E7FF238AE71EAE5B6AC9544A775E3FD90A44A91710210840212A102256948841A167AB2A473550A0F82B45B885D65D4444288A99C98E0A89A8545354648544185768D494550AD4A0AE87A2D699655A4E7C40F68C1318CC3F9F67C56656A72A9D3716383866D208E475EE425765A35CF63CB81BC1F178199DA083CF5AB8FB4186CE04BE1C375E223C92D92D6CA8D35A9C9912E1EE3DD8DDF3F05CCDB9D5BDA17B69BDB104E0E7096E209EE46FD46D5AEA0981B09E5F6566D5CD51669325D2EC0C3813C63D429A95A4381C67AC71DCA33A98394D4EA2A02B8873B50C079295F580683B60041A02A2787AA15AAC01F1181EA9FF888BDF0C0E24C7A95157DA56AE8AA7AD6251A9D60270BB2756BCE55EA5A6181E434C8175B8638024B883CCF72B1A8EAE95A6EB4BA722D9E05CD07CD717D38D3C2A1F64D32D6D4A8F8D85C61A0EF0078A4D37D2034C16B737410DD81A0069773131C171556A971926492493B49CC95757AEFC6436A3A5465129173B75C821085902108402109502210840A169D8DD2165AB166AB056B9A2FD4A70A22AD5F90AAB974444E09F45F09A42690834586557B4D14967A8AE1121150E85D2EFB33E462C317D8722368DEBBAD1B5A9D701EC20093D491386438C2F3BB5525051B439865A4829B8B2E3A9D2DA15E5EFBB4431801703324C1C4024CEBF05815ECC5A5B76648323663A8AD5B0749EA8174F5A70876389C33CD59D21569DE3F96EA6EC3AA75139E6B2BE2B9CB4D9DEC21AE112038632083AC771459C39C6063C6705D0567D37B462016481220992A06D06020DF18FDE253E931975A8D6BF04127088CB2111CA135949DAC91CF195B1F8EA4D925E3501189C309859F6CD26C0EFCA0E20018BE04BB1930357349FB2C4D67B3BA0B889180738E42729EEF04DADA5194C39948074882F2301863746D0722B2AD16B7BFB4E244CC64072504A9F20FA950B8C9324E249D698522166D408421402108402108404A109502210840AA464151256BA159706AD90EA4EAD4D55B254FF8D7C42D0043848D59ED5D4532D4C705214D72223182BD45EA894E6548417AA32566DA2842D1A35252D5A5214552D0F4AF57A4DF8DBDC0C9F25D2748A8871BE3B433DE166F476CDFEA01F75AE77847AADBD22041946A7A67685A3246F5A3FC43AB71B46CF3D906A11BCF51BE01CAFF0046284BDA3EF1581FC42AF7AD9546A65D60FE9689F12E563799C572A4A6A529172AE444210A0108420108420109613DCC17419EB4991190110675CE3DC98234212A044A884204421080421081CC742BF67B449126EBB53BEAB394F6783815AE68D57303F506BF60ECBF86C2AA386A2A37CB7027814F351CE00C87467EF01BF68DEBA6863930A7DE052B193C273FBCD4449647E2B51A244ACEAF44B01FCB703862EC081AFABA826D96ABC765C473F4555D3E80A3D67BBE181CCFECA5D23B133A3156F36A3DCD00CB5A6044C0272E6A3D26F9767C946FE9D37446975C1390C579F698654AB51F52E937DEE7618F69C4EAE2B6ACFD237D06BA0E6D2D1967912372C6B15BDCEA81DEC83835A41A6D05A088224C6338E6AAF5D4B246354A646608E2214642EAAA693A59BACEF68C80155C6385F05675B6B527E2CA5770C6F3813CAEB42CDE639B150AC8A13909F248EA3B4B473959F88AE852960DA9202981AD61392B1F84304ECC0C6DE2A3BC7561C15AD236F35035A1829B18D01AC6EDD6E71CDCE275AD490527909B282122CD021085009510840884EB8539B44957288D0AD0B1BB63BB948DB03FDC72BF1A28852D36918AB7EC230258374C94A288FF00B806EC559CE08EB57C00504EB0615DFC2839381EFF00384A745BF5007810B4295E3B8A9EC76D75375E6920898381227091391DE94D85E33614E6D88FEA73583E232793462880D22FEB35F789ED024DEDE71CD494E8B81139641DAB84A5B453A2D68B8F739FACC40E5AC2B55B4A07530CC4E209C8364080E81AE1153D82B54A72E1370E05C41BA4EAC60A8AB577B9F0702480001399811B6652BF4C975214DCFEA8174340264792CD6DAE1C08C23B260488320F15469695D0D55974B808384020E20658138EE55F45D46343AFD30E07F512E696FCA426BAD779A6FB9E4C82D13849CC91C1416AB434C5D0640FD4E91CB728A756B3BAE8739D0D32581C7170DA06CDE8A2FF0075809DA44FECAB1AA1DDB2E27299981B029486C61527710442325B4979CFBB00072550B4A9FD9039381F04D7D18D5DC414540414427960DA9844298152CA65E4B7934108F67B924A0153C07B2813A939D6576C3DC981E027FE24EA4F01BF877FBA7B908F6EE48A7E22C7E200CAEF26FAA69B63BDE3C800AA213E42D0B5F13CD23AD44E18C6C92AB254F951335E0EAF15331E3DC93C4F925D1D632F223EF693B82D2739ACC29C01AEA66E71F87605B8628383CF68868DE63C0629B0DF789E00FAA9AABC0D9CF171E32A8D471251123DF1ACA29D4031736F6E263C925364C0CF18036BBE8B4ED164651680FEBD5709BBA980A2AA1A65F886868D83F751FE18EC2BA1E8FE8935CC021A00924F901ACAECAC5A269511D512EF79D89E5B1559CEBCB4D98EA69511A0E9C97A9DBF44D1AB89175DEF370EF1AD729A4345BA97C4DF787A8D498598E7E959A73567F0E362B41B082A32A8EB30D602A969B3409056B42B26C94DF4F5876DF2C3620E6EB595EC2039A45E00B67583910531AE8DA0ADDA8CBCC342A192D6FB4A0E9C208BC5B3B089E6164DADA0B5AFD6E96BBE66463CC11DC5314C15047587319F3DAA27B3619E0A34B2B3A08487052B0839F7A63C6A4B031227109AB004A91080425842044212B5A4A04857AC5612EC7203124E4D1BF7EE4FB258B0BCF375BB6313F28D7C725A76AAF34C3182EB06DF371D65749CAA00F117598375CE6EDEEF8772AB52D4261BFDDF41A956B4DA2706E5B76F14DA0EBB8EF9EE575125A45D01A7170ED6E271BBBCED50911CBCD2074993AB1E254A35CEAC4EF2720A09AC46E935226E086CE5ED1DD93CB13C82560241739D124CB8E2E79DDB5369532446A06F3B8910071C200DEA46D3C4CC48CE7B2C1A846B3B96A0EB7A1D5603F837D57506AAE27A275A1EEDEDF2217506ACA37CFA48EAB1AFEE552AE6677E0A5265464AAD322D3A32716771F42B32A532D304415D54A8AD149AE10403E898C5E5CBA4756BB1BC80782D3B568D8C5A791FAACAAB662E75C8C6EBCC6D21A4C782CB3875A7AA0B489759EA9C71C69B9D0472701FDEA8DA2940A8D18863DAE07E13201EE2D57A8383EA0270F6B49F4DD1EFB5999E25AC72A6D71701266FD37538C27A8016CF863B95567D56093ABADDC0E498691CF503055A7512E22E826F539E25A0CFF8A4B2BE1AF9D6C91BDCD223D56711512B8A6938AB3408008201CB0FDF571DCA41034C7DE696A53C246470E0761566DB612C01C0CB1DD977A3B61FA2AD4AA5D39483811B47DEB4B3FD11A453D6A422F3316E507B4DE3BB7A8562844254209EC764350C020018B9C72015D78634DDA626322759DB1F54DC0F55A21B9FEE4AAD5AD1021BCCEDFD974F105875A4032EEB9DE701B82A968B4976796C5012859BD6814F1808CF2EF50299AF833B32E309C86971EE2A46BF01B062779D4A16F9A50615D1AB653D4C67F2C9AAE3B5E70A6D53D3B3482D7101B4FF0032ABB6BDD8860E582AD64AE2E0918309A8FF008DF314DBF7B15AB5406B2938E40D7AD8E6E39378E20772D05D116802A34C5D6CC0F25D732AAE12482090438C10D1935BA975764B4DE683F72AAF35A2FA98240E55AFA2FA37AB25EA32F51DE4C73D3534B56AEA5936DAA40F6A31B8F6970D70EBC01F02398572AD5F4F1C1619AC1CF2355405846CC7A91CC34F7A334AEFC9748CA9D56BC48CD8ECFF00C5A1436E6DCA8E0D32D654BEDD5D571CFBA14F6975FB8631734B0C9D775AE68FEE0EEF4969687B6938626A53349D3A9C3B278C83C8045530D88CFA8F8CE086BF288FBC553AEEC033DD2E1E3FB2B76C700C63866F69078B081E81672CDA8004A0A418273C89C325988DED0EF155868B8E0660FBAE3B39C1E5BD61DA28B98E2D708209046F0A7B1552C748FBD855DD334FDA0158678078D73A9CBA5F31590C790647DED0538B41CB03B3E898917242DC29525F3B50825AB58990300A056EB59F62AA42BD4A110842C802B45B11C4780FDD4145B240DEACD63177FA8F8C0F25BE45571C4A5013548C0083B731EAA09ECCF0227DF048DA065E2AE3EA8702F7625E5D51DB98CC18D8DEEF20B35C7095A1676821849806EB1F385D0D970E4E81CC15A05525800FFA9505E79D80E4DDCB43425AF364F0F5592E79A8F275D4279367EFB93E9B8DE96E019972DAA8EA7DA2735EA8D96D21ED91F6549ED11A5A7545154A9828AFA89CFD650436AB491D61FA4B4F8E0B37D9905D8806EFB561D448EB61CA7B9496B7411270A8D3BE3AC40F10142DA9D561260B5C5876DD388E300B82ACAC577E2E701EED560DCD74C773CF20AC31B14EBB35B0B2AB08C83499C0F08554761B39D3796386C6B811DD98E4A3B4578A300417DD6932716324F8923FB51AD67577DE24ED2606C932A32A5A348B8C3449D4A3AAD8246CC162B26A54895644945A49819EAFA2D8D1F581001020CB4F123B31B0EA58A0778562954FD43FA87AFDEB5D39A1B6FB29A6E23566D3B42ACBA4A94456A5773781798EF787BA77FAAE71CD8C167A8A6C21085846955C950AB9A10BA748621085CD5358FB639F927D5C9BF2FD5085B9E84012D1CC7DEA421482667F2DDF337D54ECFE53F853FF00272542D40962ED8FF6CFAA96C7FCAA9F7A9221516F43764ABA3342117E8E50D5C8A10833348F669707FF00EC2A26F61FF30F22842A8B8CED54F95DFE2A0D27D8A3F21F342145A344E6B36B667894214EBD218952A16209DFDA1C07922CBDAFE9779210BA0DBD07D81FEEFF00F3595A67F9F53E62842B7D2FD2921085C997FFD9);


-- ----------------------------
-- Table structure for article
-- ----------------------------
DROP TABLE IF EXISTS `article`;
CREATE TABLE `article` (
  `artice_id` int(11) NOT NULL AUTO_INCREMENT,
  `hobby_id` int(11) DEFAULT NULL,
  `user_id` int(11) DEFAULT NULL,
  `title` varchar(500) DEFAULT NULL,
  `content` text,
  `create_time` datetime DEFAULT NULL,
  `comment_num` int(11) DEFAULT NULL,
  PRIMARY KEY (`artice_id`),
  KEY `user_id` (`user_id`),
  KEY `hobby_id` (`hobby_id`),
  CONSTRAINT `article_ibfk_1` FOREIGN KEY (`user_id`) REFERENCES `user` (`user_id`),
  CONSTRAINT `article_ibfk_2` FOREIGN KEY (`hobby_id`) REFERENCES `hobby` (`hobby_id`)
) ENGINE=InnoDB DEFAULT CHARSET=utf8;

-- ----------------------------
-- Records of article
-- ----------------------------
INSERT INTO `article` VALUES ('1', '1', '1001', 'What is the use of reading', 'Do you still believe that reading can change your temperament?\r\nCan open a new world; can take you to fly; guide your voyage', '2019-10-22 00:00:00', '3');
INSERT INTO `article` VALUES ('2', '1', '1002', 'Sooner or later I will forget about reading, why do I still need to read?\r\nSooner or later I will forget about reading, why do I still need to read?\r\n', 'Reading habit is a kind of study habit. Good reading habit is the cornerstone of excellent study habit.', '2019-10-22 00:00:00', '1');
INSERT INTO `article` VALUES ('3', '1', '1003', 'Do you still believe that reading can change your temperament?\r\n', 'Reading habit is a kind of study habit. Good reading habit is the cornerstone of excellent study habit.', '2019-10-22 00:00:00', '0');

-- ----------------------------
-- Table structure for comment
-- ----------------------------
DROP TABLE IF EXISTS `comment`;
CREATE TABLE `comment` (
  `comment_id` int(11) NOT NULL AUTO_INCREMENT,
  `user_id` int(11) DEFAULT NULL,
  `artice_id` int(11) DEFAULT NULL ,
  `title` varchar(500) DEFAULT NULL,
  `content` text,
  `create_time` datetime DEFAULT NULL,
  PRIMARY KEY (`comment_id`),
  KEY `user_id` (`user_id`),
  KEY `artice_id` (`artice_id`),
  CONSTRAINT `comment_ibfk_1` FOREIGN KEY (`user_id`) REFERENCES `user` (`user_id`),
  CONSTRAINT `comment_ibfk_2` FOREIGN KEY (`artice_id`) REFERENCES `article` (`artice_id`)
) ENGINE=InnoDB DEFAULT CHARSET=utf8;

-- ----------------------------
-- Records of comment
-- ----------------------------
INSERT INTO `comment` VALUES ('1', '1002', '1', 'Comment title..', 'The meaning is deep and simple and beautiful\r\n', '2019-10-22 00:00:00');
INSERT INTO `comment` VALUES ('2', '1003', '1', 'Comment title.', 'Reading can make people think deeply, but in fact it is to find something for you who are bored.', '2019-10-22 00:00:00');
INSERT INTO `comment` VALUES ('3', '1002', '1', 'Comment title..', 'The question is whether you read for the sake of quantity or do you read because you want to read', '2019-10-22 00:00:00');
INSERT INTO `comment` VALUES ('4', '1003', '2', 'Comment title..', 'After reading countless essays, this text cannot be written without a considerable amount of reading, old iron, very reliable', '2019-10-22 00:00:00');


-- ----------------------------
-- Table structure for user_hobby_may
-- ----------------------------
DROP TABLE IF EXISTS `user_hobby_may`;
CREATE TABLE `user_hobby_may` (
  `user_hobby_id` int(11) NOT NULL AUTO_INCREMENT,
  `user_id` int(11) DEFAULT NULL,
  `hobby_id` int(11) DEFAULT NULL,
  `skill_level` int(11) DEFAULT NULL,
  PRIMARY KEY (`user_hobby_id`),
  KEY `user_id` (`user_id`),
  KEY `hobby_id` (`hobby_id`),
  CONSTRAINT `user_hobby_may_ibfk_1` FOREIGN KEY (`user_id`) REFERENCES `user` (`user_id`),
  CONSTRAINT `user_hobby_may_ibfk_2` FOREIGN KEY (`hobby_id`) REFERENCES `hobby` (`hobby_id`)
) ENGINE=InnoDB DEFAULT CHARSET=utf8;

-- ----------------------------
-- Records of user_hobby_may
-- ----------------------------
INSERT INTO `user_hobby_may` VALUES ('1', '1001', '1', '1');
INSERT INTO `user_hobby_may` VALUES ('2', '1002', '1', '1');
INSERT INTO `user_hobby_may` VALUES ('3', '1003', '1', '1');
INSERT INTO `user_hobby_may` VALUES ('4', '1004', '1', '1');
INSERT INTO `user_hobby_may` VALUES ('5', '1005', '1', '1');

-- ----------------------------
-- Table structure for event
-- ----------------------------
DROP TABLE IF EXISTS `event`;
CREATE TABLE `event` (
  `event_id` int(11) PRIMARY KEY AUTO_INCREMENT,
  `hobby_id` int(11) NOT NULL,
  `event_name` varchar(128) DEFAULT NULL,
  `event_desc` varchar(2000) DEFAULT NULL,
  `skill_level_limit` int,
  `number_limit` int,
  `attandance` int,
  `location` varchar(1024) DEFAULT NULL,
  `create_time` datetime DEFAULT NULL,
  `event_date` datetime DEFAULT NULL,
  KEY `hobby_id` (`hobby_id`),
  CONSTRAINT `event_ibfk_1` FOREIGN KEY (`hobby_id`) REFERENCES `hobby` (`hobby_id`)
) ENGINE=InnoDB DEFAULT CHARSET=utf8;

-- ----------------------------
-- Records of event
-- ----------------------------

INSERT INTO `event` VALUES ('1', '1', 'listen-read-discuss strategy', 'There are some strateies for improving the reading skills for beginners.', '1','10','3','123 Timber Ridge Road', '2019-10-22 00:00:00', '2019-10-24 12:00:00');
INSERT INTO `event` VALUES ('2', '2', 'Blue Mountains Photography Day Tour', 'Take a small tour bus for a day trip around the Blue Mountains, including the Three Sisters and surrounding cities.','1', '12','3','500 george street', '2019-10-23 00:00:00', '2019-10-25 06:00:00');
INSERT INTO `event` VALUES ('3', '3', 'yoga in Watsons bay', 'A yoga activity will be held in watsons bay this Saturday. I hope that friends who have time will participate actively.', '1','10','1','295 Rocky Road', '2019-10-24 00:00:00', '2019-10-26 06:00:00');


-- ----------------------------
-- Table structure for user_event_map
-- ----------------------------
DROP TABLE IF EXISTS `user_event_map`;
CREATE TABLE `user_event_map` (
  `user_event_id` int NOT NULL AUTO_INCREMENT,
  `user_id` int(11) DEFAULT NULL,
  `event_id` int(11) DEFAULT NULL,
  `create_time` datetime DEFAULT NULL,

  CONSTRAINT `user_event_map_ibfk_1` FOREIGN KEY (`user_id`) REFERENCES `user` (`user_id`),
  CONSTRAINT `user_event_map_ibfk_2` FOREIGN KEY (`event_id`) REFERENCES `event` (`event_id`),
  PRIMARY KEY (`user_event_id`)	
) ENGINE=InnoDB DEFAULT CHARSET=utf8;

-- ----------------------------
-- Records of user_event_map
-- ----------------------------


INSERT INTO `user_event_map` VALUES ('1001', '1001', '1', '2019-10-22 00:00:00');
INSERT INTO `user_event_map` VALUES ('1002', '1002', '1', '2019-10-22 00:00:00');
INSERT INTO `user_event_map` VALUES ('1003', '1003', '1', '2019-10-22 00:00:00');
INSERT INTO `user_event_map` VALUES ('1004', '1001', '2', '2019-10-23 00:00:00');
INSERT INTO `user_event_map` VALUES ('1005', '1002', '2', '2019-10-23 00:00:00');
INSERT INTO `user_event_map` VALUES ('1006', '1003', '2', '2019-10-23 00:00:00');
INSERT INTO `user_event_map` VALUES ('1007', '1004', '3', '2019-10-24 00:00:00');


